frame,time,active_links,max_possible_links,link_fraction,total_link_distance,mean_link_distance,normalized_distance_sum,link_score,receiver_count,covered_receivers,coverage_fraction,mean_nearest_receiver_distance,max_nearest_receiver_distance,receiver_penalty,worst_receiver_penalty,blended_receiver_penalty,base_score,score,running_score
0,0.0,53,435,0.12183908045977011,185241.48583088574,3495.1223741676554,37.04829716617715,0.08516849923259115,100,78,0.78,1732.2039945982217,inf,0.4902238231573226,1.0,0.7451119115786613,0.17002829382696494,0.39042507073456745,0.39042507073456745
1,111.73184357541899,53,435,0.12183908045977011,189363.67209722495,3572.899473532546,37.87273441944499,0.08706375728608043,100,81,0.81,1771.796945722289,inf,0.4770311052070108,1.0,0.7385155526035054,0.17427410234128748,0.4054356852558533,0.39793037799521036
2,223.46368715083798,54,435,0.12413793103448276,195108.5927786647,3613.1220884937907,39.02171855573294,0.0897051001281217,100,83,0.83,1786.7164616720233,inf,0.4665949326375559,1.0,0.7332974663187779,0.1782038169046719,0.41544550954226167,0.40376875517756083
3,335.19553072625695,52,435,0.11954022988505747,183422.15614871043,3527.34915670597,36.68443122974209,0.08433202581549905,100,83,0.83,1770.6347244872882,inf,0.4639253642648898,1.0,0.7319626821324449,0.17618467184152714,0.4154404616796038,0.40668668180307155
4,446.92737430167597,55,435,0.12643678160919541,195483.3534326912,3554.242789685294,39.09667068653824,0.0898774038770994,100,78,0.78,1741.015410133141,inf,0.4915984039807699,1.0,0.745799201990385,0.17203910094335717,0.39043009775235843,0.4034353649929289
5,558.659217877095,57,435,0.1310344827586207,200333.4380934353,3514.6217209374618,40.06668761868707,0.09210732785905074,100,77,0.77,1780.1491227880556,inf,0.5041429649093606,1.0,0.7520714824546804,0.1700179227021852,0.3854250448067555,0.4004336449619
6,670.391061452514,51,435,0.11724137931034483,169436.3541293895,3322.2814535174416,33.88727082587791,0.07790177201351245,100,79,0.79,1841.8612514155234,inf,0.5010140777236526,1.0,0.7505070388618262,0.1636973665758431,0.3954092434164396,0.39971587331254854
7,782.122905027933,53,435,0.12183908045977011,180466.0196822858,3405.0192392884114,36.09320393645716,0.08297288261254519,100,75,0.75,1771.1144477262585,inf,0.5156671671589388,1.0,0.7578335835794694,0.16256964951653785,0.3754064241237913,0.3966771921639539
8,893.854748603352,54,435,0.12413793103448276,186608.98806083092,3455.7220011264985,37.32179761216618,0.0857972358900372,100,78,0.78,1775.933615049725,inf,0.497045643947757,1.0,0.7485228219738785,0.16863720695807932,0.3904215930173952,0.39598212559211404
9,1005.5865921787711,54,435,0.12413793103448276,190893.8740838982,3535.0717422944113,38.178774816779644,0.08776729842937848,100,81,0.81,1781.595104183128,inf,0.4786184068776667,1.0,0.7393092034388333,0.17422904749527257,0.4054355726187382,0.39692747029477643
10,1117.31843575419,54,435,0.12413793103448276,191894.5150021348,3553.6021296691633,38.37890300042695,0.0882273632193723,100,78,0.78,1726.2356319012372,inf,0.489292758576593,1.0,0.7446463792882965,0.17179049196553786,0.39042947622991386,0.3963367435616071
11,1229.0502793296089,56,435,0.12873563218390804,202869.1653855502,3622.663667599111,40.573833077110045,0.0932731794876093,100,76,0.76,1722.2027188304708,inf,0.5017748132622316,1.0,0.7508874066311158,0.17119288642824682,0.3804279822160706,0.39501101344947903
12,1340.7821229050278,52,435,0.11954022988505747,183259.12596921253,3524.2139609463948,36.65182519384251,0.08425706941113222,100,77,0.77,1739.810759604431,inf,0.4979308569790824,1.0,0.7489654284895412,0.1676458204607955,0.385419114551152,0.39427317507268467
13,1452.5139664804467,52,435,0.11954022988505747,182161.9868404649,3503.115131547402,36.43239736809298,0.08375263762779996,100,78,0.78,1758.903691353154,inf,0.49438897585109204,1.0,0.747194487925546,0.16827907485112698,0.39042069768712784,0.3939979981165735
14,1564.2458100558656,52,435,0.11954022988505747,181455.41882432954,3489.5272850832603,36.29108376486591,0.08342777876980668,100,83,0.83,1838.1080743854343,inf,0.475125940347982,1.0,0.737562970173991,0.1729324042979079,0.4154323310107447,0.3954269536428516
15,1675.9776536312845,51,435,0.11724137931034483,176284.78847517137,3456.564479905321,35.25695769503428,0.08105047745984892,100,78,0.78,1779.3792319054994,inf,0.4975831601772579,1.0,0.7487915800886289,0.16612944868560997,0.39041532362171405,0.3951137267665305
16,1787.7094972067034,55,435,0.12643678160919541,199608.45831206985,3629.244696583088,39.92169166241397,0.0917740038216413,100,77,0.77,1740.972514923171,inf,0.4981097672981683,1.0,0.7490548836490841,0.17135956008627856,0.3854283989002157,0.3945440015979238
17,1899.4413407821223,48,435,0.1103448275862069,166378.93443610345,3466.227800752155,33.27578688722069,0.07649606180970274,100,81,0.81,1806.664105777531,inf,0.48267958513596,1.0,0.74133979256798,0.1675781346208614,0.4054189453365522,0.3951481651389587
18,2011.1731843575412,46,435,0.10574712643678161,157727.96987640407,3428.8689103566103,31.545593975280806,0.072518606839726,100,80,0.8,1792.4853763115564,inf,0.48679766020984905,1.0,0.7433988301049246,0.16455988836740076,0.40041139972091855,0.39542517748537764
19,2122.9050279329604,43,435,0.09885057471264368,144020.07568890916,3349.304085788585,28.804015137781825,0.06621612675352144,100,79,0.79,1774.4679881000604,inf,0.49036594211980966,1.0,0.7451829710599048,0.16051657784680834,0.39540129144461705,0.3954239831833396
20,2234.6368715083795,45,435,0.10344827586206896,155046.08354410052,3445.468523202234,31.0092167088201,0.07128555565246,100,78,0.78,1742.2284075476514,inf,0.4917876315774336,1.0,0.7458938157887168,0.16269586993187163,0.3904067396748297,0.3951850668257916
21,2346.3687150837986,47,435,0.10804597701149425,164430.1770636026,3498.514405608566,32.886035412720524,0.07560008140855293,100,78,0.78,1745.8387001419283,inf,0.49235083722214085,1.0,0.7461754186110704,0.16471233139874125,0.39041178082849687,0.39496809928046
22,2458.1005586592178,45,435,0.10344827586206896,153244.68788819946,3405.4375086266546,30.648937577639884,0.0704573277646894,100,80,0.8,1779.6730857783755,inf,0.4847476937245401,1.0,0.74237384686227,0.16404174045120967,0.40041010435112806,0.395204708196576
23,2569.832402234637,48,435,0.1103448275862069,166559.8808751572,3469.9975182324415,33.31197617503145,0.07657925557478494,100,75,0.75,1716.394633337188,inf,0.5074591950005781,1.0,0.7537295975002891,0.16142482903724786,0.3754035620725931,0.39437966044141004
24,2681.564245810056,52,435,0.11954022988505747,184734.02464089065,3552.577396940205,36.946804928178125,0.08493518374293822,100,79,0.79,1770.1043937967718,inf,0.48967649421989,1.0,0.7448382471099451,0.17004846831649656,0.39542512117079126,0.3944214788705853
25,2793.296089385475,55,435,0.12643678160919541,197207.27858325705,3585.5868833319464,39.44145571665141,0.09067001314172739,100,78,0.78,1796.8784692181337,inf,0.5003130411980288,1.0,0.7501565205990144,0.17025674627135645,0.3904256418656784,0.394267792831935
26,2905.0279329608943,54,435,0.12413793103448276,189007.58033187225,3500.1403765161526,37.80151606637445,0.08690003693419412,100,78,0.78,1783.0106956381687,inf,0.4981496685195543,1.0,0.7490748342597772,0.16891260133720848,0.390422281503343,0.3941253664864316
27,3016.7597765363134,56,435,0.12873563218390804,199791.22725790966,3567.700486748387,39.95824545158193,0.091858035520878,100,77,0.77,1745.9504212487457,inf,0.49887636487230674,1.0,0.7494381824361533,0.17120992654236233,0.3854280248163559,0.39381474714107173
28,3128.4916201117326,57,435,0.1310344827586207,206945.02626890826,3630.614495945759,41.38900525378165,0.09514713851444057,100,77,0.77,1763.606974494663,inf,0.5015954740721782,1.0,0.7507977370360891,0.1721747007391758,0.38543043675184796,0.3935256329897192
29,3240.2234636871517,51,435,0.11724137931034483,179263.79107117807,3514.9762955132956,35.85275821423562,0.08242013382582901,100,76,0.76,1713.737022542451,inf,0.5004880274264525,1.0,0.7502440137132262,0.1660880600563014,0.38041522015014073,0.39308861922839994
30,3351.955307262571,54,435,0.12413793103448276,192639.5119852886,3567.3983700979375,38.52790239705772,0.08856989056794878,100,81,0.81,1750.964567140699,inf,0.4736562598767932,1.0,0.7368281299383966,0.1758708803147761,0.40543967720078694,0.3934870404533157
31,3463.68715083799,56,435,0.12873563218390804,200601.18425939642,3582.164004632079,40.120236851879284,0.09223042954455007,100,81,0.81,1750.4692566334033,inf,0.47357601957461143,1.0,0.7367880097873057,0.1777212098786221,0.4054443030246966,0.3938607049086713
32,3575.418994413409,59,435,0.135632183908046,211630.37986988848,3586.955591015059,42.32607597397769,0.09730132407810962,100,79,0.79,1761.8488242767896,inf,0.4883721142357328,1.0,0.7441860571178665,0.17655763348012155,0.3954413940837003,0.3939086045806419
33,3687.1508379888282,61,435,0.14022988505747128,215666.37194490907,3535.514294178837,43.13327438898181,0.09915695261834899,100,78,0.78,1758.6112516985397,inf,0.4943433552649722,1.0,0.7471716776324862,0.17599263749293137,0.39043998159373233,0.39380658625749754
34,3798.8826815642474,60,435,0.13793103448275862,205403.03042772965,3423.383840462161,41.08060608554594,0.09443817490930101,100,74,0.74,1718.8961277173719,inf,0.5143966269021711,1.0,0.7571983134510856,0.16861993072910775,0.37042154982682274,0.39313844235947826
35,3910.6145251396665,60,435,0.13793103448275862,202906.33456513408,3381.7722427522344,40.58126691302681,0.09329026876557887,100,75,0.75,1797.735447003574,inf,0.5196603170505361,1.0,0.759830158525268,0.16673005512015537,0.3754168251378004,0.3926461752144317
36,4022.3463687150856,59,435,0.135632183908046,199117.96337266368,3374.880735129893,39.82359267453275,0.09154848890697183,100,76,0.76,1819.634195116522,inf,0.5165843976577115,1.0,0.7582921988288558,0.16662814503905798,0.38041657036259763,0.3923156453535713
37,4134.078212290505,57,435,0.1310344827586207,193215.97310798682,3389.7539141752072,38.64319462159736,0.08883493016459162,100,76,0.76,1752.9615477591487,inf,0.5064501552593906,1.0,0.7532250776296954,0.16780492626744814,0.3804195123156686,0.3920025892209949
38,4245.8100558659235,57,435,0.1310344827586207,200534.8936592152,3518.156029109038,40.10697873184304,0.09219995110768515,100,76,0.76,1724.4126601368964,inf,0.5021107243408083,1.0,0.7510553621704041,0.17057229446864053,0.3804264307361716,0.391705764644461
39,4357.541899441342,55,435,0.12643678160919541,196065.63978433487,3564.829814260634,39.21312795686698,0.09014512173992409,100,80,0.8,1751.0802101318463,inf,0.48017283362109536,1.0,0.7400864168105477,0.1750293524646882,0.40043757338116176,0.3919240598628785
40,4469.273743016761,53,435,0.12183908045977011,187668.59709880545,3540.9169263925555,37.5337194197611,0.08628441245922092,100,82,0.82,1769.646395298298,inf,0.47022200882892085,1.0,0.7351110044144604,0.1755867040223803,0.4104389667600559,0.3923756429579316
41,4581.0055865921795,49,435,0.11264367816091954,168780.33201177634,3444.496571668905,33.75606640235527,0.07760015264909258,100,78,0.78,1740.8033790530503,inf,0.49156532713227596,1.0,0.745782663566138,0.1659087445414773,0.3904147718613537,0.3923289555508702
42,4692.737430167598,45,435,0.10344827586206896,149520.70871893255,3322.682415976279,29.90414174378651,0.06874515343399198,100,82,0.82,1818.812246513906,inf,0.47828520842828054,1.0,0.7391426042141402,0.16480127460992589,0.41041200318652477,0.3927494915423971
43,4804.469273743017,43,435,0.09885057471264368,140605.24560591925,3269.8894326957966,28.121049121183844,0.06464608993375597,100,77,0.77,1754.600450601346,inf,0.5002084693926073,1.0,0.7501042346963036,0.1572709276187262,0.3853931773190468,0.3925823025827755
44,4916.2011173184355,43,435,0.09885057471264368,141534.10806420262,3291.4908852140143,28.306821612840523,0.06507315313296672,100,80,0.8,1785.1620356198728,inf,0.4856259256991797,1.0,0.7428129628495899,0.1611300951416884,0.40040282523785425,0.3927560919751106
45,5027.932960893854,46,435,0.10574712643678161,158127.52231652485,3437.5548329679314,31.625504463304967,0.0727023091110459,100,80,0.8,1765.504637578507,inf,0.4824807420125611,1.0,0.7412403710062805,0.16573096905238272,0.400414327422631,0.3929225753544045
46,5139.664804469273,50,435,0.11494252873563218,180763.38899607895,3615.267779921579,36.15267779921578,0.08310960413612824,100,82,0.82,1763.5814436347505,inf,0.46922735675609906,1.0,0.7346136783780495,0.17424796287903943,0.41043561990719757,0.39329519332361285
47,5251.396648044692,49,435,0.11264367816091954,176955.6929041682,3611.3406715136366,35.39113858083365,0.08135893926628425,100,85,0.85,1805.2502058422874,inf,0.4568925349931889,1.0,0.7284462674965945,0.17645633588484494,0.42544114083971213,0.39396490056353156
48,5363.12849162011,47,435,0.10804597701149425,166822.39024214566,3549.412558343525,33.36447804842913,0.07669994953661868,100,82,0.82,1807.306974221115,inf,0.4763983437722628,1.0,0.7381991718861314,0.16925038882524368,0.4104231259720631,0.3943007827147261
49,5474.860335195529,42,435,0.09655172413793103,139712.1023724625,3326.4786279157743,27.9424204744925,0.06423544936664943,100,78,0.78,1767.129312346506,inf,0.49567217272605496,1.0,0.7478360863630275,0.15819968150181102,0.39039549920375455,0.3942226770445067
50,5586.592178770948,41,435,0.09425287356321839,131338.01258973332,3203.366160725203,26.267602517946663,0.06038529314470498,100,80,0.8,1791.9959994545763,inf,0.48671935991273224,1.0,0.7433596799563661,0.1585128065941695,0.40039628201648547,0.3943437281223886
51,5698.324022346366,47,435,0.10804597701149425,157317.98143247108,3347.191094307895,31.463596286494216,0.07233010640573383,100,84,0.84,1836.4747512982985,inf,0.46852775821811404,1.0,0.734263879109057,0.1690331136483384,0.4204225827841208,0.3948452445581911
52,5810.055865921785,49,435,0.11264367816091954,162903.37250253,3324.5586225006123,32.580674500506,0.07489810230001379,100,83,0.83,1846.898436085751,inf,0.47658514039023464,1.0,0.7382925701951173,0.1683027660524482,0.4154207569151311,0.39523346177247304
53,5921.787709497204,50,435,0.11494252873563218,165099.50670637554,3301.990134127511,33.01990134127511,0.07590781917534507,100,74,0.74,1744.8873686235468,inf,0.5182433305562849,1.0,0.7591216652781425,0.15839307694860127,0.3703959826923715,0.39477350845617487
54,6033.519553072622,56,435,0.12873563218390804,194682.1043823851,3476.4661496854483,38.936420876477015,0.08950901350914256,100,74,0.74,1731.8567254593747,inf,0.5163147953679874,1.0,0.7581573976839937,0.1656758079125744,0.37041418951978144,0.3943306117482404
55,6145.251396648041,54,435,0.12413793103448276,186462.0611369502,3453.0011321657444,37.29241222739004,0.08572968328135641,100,77,0.77,1755.247181634765,inf,0.5003080659717537,1.0,0.7501540329858769,0.1677878251477397,0.3854194695628694,0.39417148420921594
56,6256.98324022346,51,435,0.11724137931034483,174242.72960715528,3416.5241099442214,34.84854592143106,0.08011159981938175,100,74,0.74,1708.755881713177,inf,0.5128958704935502,1.0,0.7564479352467751,0.16183183228630332,0.37040457958071576,0.3937545209701194
57,6368.715083798878,48,435,0.1103448275862069,158422.52304720774,3300.4692301501614,31.68450460944155,0.07283794163090011,100,74,0.74,1754.5358258166664,inf,0.5196713022208667,1.0,0.7598356511104334,0.1565011452602334,0.37039125286315056,0.39335170600275793
58,6480.446927374297,48,435,0.1103448275862069,156808.66228310944,3266.8471308981134,31.36173245662189,0.0720959366818894,100,79,0.79,1850.7475881041237,inf,0.5024181189204516,1.0,0.7512090594602259,0.16044343861083177,0.3954011085965271,0.3933864416399404
59,6592.178770949716,51,435,0.11724137931034483,168875.25543207666,3311.279518276013,33.77505108641533,0.07764379560095479,100,77,0.77,1840.5188804218344,inf,0.5134399075849625,1.0,0.7567199537924812,0.16046192090423678,0.3854011548022606,0.39325335352597907
60,6703.910614525134,52,435,0.11954022988505747,172162.08814570724,3310.809387417447,34.432417629141455,0.07915498305549759,100,77,0.77,1859.453763673903,inf,0.516355879605781,1.0,0.7581779398028905,0.16048852162630356,0.3854012213040658,0.3931246300469313
61,6815.642458100553,58,435,0.13333333333333333,194975.60808666676,3361.648415287358,38.995121617333346,0.0896439577409962,100,75,0.75,1820.5861422888624,inf,0.5230879213433294,1.0,0.7615439606716647,0.16404999853466573,0.3754101249963367,0.3928389122235346
62,6927.374301675972,60,435,0.13793103448275862,196282.768528069,3271.3794754678165,39.2565537056138,0.09024495104738804,100,71,0.71,1745.0151538019843,inf,0.5377921518398817,1.0,0.7688960759199408,0.16067443756372357,0.35540168609390926,0.39224467053893736
63,7039.10614525139,65,435,0.14942528735632185,214766.65377417693,3304.102365756568,42.953330754835385,0.09874328909157559,100,71,0.71,1784.3571033034782,inf,0.5433787086690939,1.0,0.7716893543345469,0.16352696737851435,0.35540881741844627,0.3916691103339297
64,7150.837988826809,62,435,0.1425287356321839,197667.57590185426,3188.1867080944235,39.53351518037086,0.09088164409280658,100,71,0.71,1778.8711787639213,inf,0.5425997073844769,1.0,0.7712998536922384,0.1597908952002841,0.3553994772380007,0.39111111597860776
65,7262.569832402228,61,435,0.14022988505747128,196807.0009930917,3226.3442785752736,39.361400198618334,0.09048597746808812,100,74,0.74,1811.9939279138584,inf,0.528175101331251,1.0,0.7640875506656255,0.16319921340123134,0.37040799803350305,0.3907974323733789
66,7374.3016759776465,59,435,0.135632183908046,197528.48763324966,3347.940468360164,39.50569752664993,0.09081769546356307,100,71,0.71,1747.2521828194301,inf,0.5381098099603591,1.0,0.7690549049801796,0.16088139524169176,0.3554022034881042,0.3902691453750912
67,7486.033519553065,54,435,0.12413793103448276,181098.02111438854,3353.667057673862,36.21960422287772,0.08326345798362694,100,77,0.77,1797.1475358306784,inf,0.5067607205179244,1.0,0.7533803602589622,0.16494154886233237,0.38541235387215583,0.3901977219706363
68,7597.765363128484,52,435,0.11954022988505747,177563.48867557946,3414.6824745303743,35.51269773511589,0.08163838559796757,100,81,0.81,1794.6580531733493,inf,0.4807346046140826,1.0,0.7403673023070413,0.17063554164546318,0.4054265888541137,0.3904184301863388
69,7709.4972067039025,54,435,0.12413793103448276,192815.02256565512,3570.6485660306503,38.563004513131,0.08865058508765747,100,79,0.79,1735.1744913760024,inf,0.4841575696374084,1.0,0.7420787848187043,0.17328590013447664,0.3954332147503362,0.3904900699658245
70,7821.229050279321,55,435,0.12643678160919541,199253.69151483578,3622.7943911788325,39.85073830296715,0.0916108926504992,100,83,0.83,1786.4413110145827,inf,0.46654925762842064,1.0,0.7332746288142103,0.17916813191814446,0.41544792032979533,0.3908415889850354
71,7932.96089385474,54,435,0.12413793103448276,193180.0248951301,3577.4078684283354,38.63600497902601,0.0888184022506345,100,86,0.86,1820.789563399594,inf,0.45317580490473025,1.0,0.7265879024523652,0.18111524989913463,0.43045278812474785,0.3913917445286425
72,8044.692737430159,52,435,0.11954022988505747,181163.4762193419,3483.913004218113,36.23269524386838,0.0832935522847549,100,81,0.81,1790.2870851094353,inf,0.4800265077877286,1.0,0.7400132538938643,0.1716401491954453,0.4054291003729886,0.39158403707445544
73,8156.424581005577,51,435,0.11724137931034483,174478.31095798255,3421.143352117305,34.89566219159651,0.0802199130841299,100,80,0.8,1807.4761867424502,inf,0.48919618987879204,1.0,0.744598094939396,0.16781090907236695,0.40041952727268093,0.3917034355906477
74,8268.156424580997,46,435,0.10574712643678161,151810.32825861356,3300.2245273611643,30.362065651722713,0.06979785207292577,100,82,0.82,1802.8888394114322,inf,0.4756737696634749,1.0,0.7378368848317375,0.1659804836205942,0.41041495120905147,0.39195292246555974
75,8379.888268156416,45,435,0.10344827586206896,150090.23900792436,3335.3386446205413,30.01804780158487,0.06900700644042498,100,80,0.8,1786.0330009198399,inf,0.4857652801471744,1.0,0.7428826400735872,0.16306218318341886,0.4004076554579586,0.39206416895230184
76,8491.620111731834,43,435,0.09885057471264368,141465.3081546304,3289.8908873169858,28.293061630926083,0.06504152099063468,100,79,0.79,1790.7958583387685,inf,0.4929457456175254,1.0,0.7464728728087627,0.159284324090936,0.39539821081022736,0.39210746819721
77,8603.351955307253,41,435,0.09425287356321839,131601.99970535014,3209.8048708621986,26.320399941070033,0.06050666653119548,100,76,0.76,1762.8372300509066,inf,0.5079512589677377,1.0,0.7539756294838689,0.15326551852366332,0.38038316379630915,0.3919571566023266
78,8715.083798882672,48,435,0.1103448275862069,163986.1947415311,3416.3790571152313,32.797238948306216,0.07539595160530164,100,80,0.8,1823.2958494533555,inf,0.49172733591253687,1.0,0.7458636679562685,0.16476614182451654,0.40041191535456133,0.3920641788650131
79,8826.81564245809,47,435,0.10804597701149425,154776.50797191507,3293.11719089181,30.955301594383027,0.07116161286065063,100,77,0.77,1782.494405171846,inf,0.5045041383964642,1.0,0.7522520691982322,0.15945477183120926,0.38539863692957804,0.3919808595908202
80,8938.547486033509,49,435,0.11264367816091954,162436.09427021156,3315.0223320451337,32.48721885404231,0.0746832617334306,100,78,0.78,1786.486456216711,inf,0.49869188716980695,1.0,0.7493459435849035,0.16266865907426353,0.39040667164768567,0.3919614251717692
81,9050.279329608928,51,435,0.11724137931034483,171849.99783411203,3369.6078006688635,34.36999956682239,0.07901149325706297,100,75,0.75,1733.4088538677506,inf,0.5100113280801625,1.0,0.7550056640400813,0.1620029146084908,0.3754050072865212,0.39175951763658323
82,9162.011173184346,60,435,0.13793103448275862,217715.204305206,3628.5867384200997,43.5430408610412,0.10009894450814069,100,71,0.71,1645.8243235039133,inf,0.5237070539375557,1.0,0.7618535269687778,0.16912270876968138,0.35542280677192417,0.3913217259394187
83,9273.743016759765,61,435,0.14022988505747128,224568.439980118,3681.4498357396396,44.91368799602359,0.1032498574621232,100,74,0.74,1679.568523484607,inf,0.5085761414757219,1.0,0.754288070737861,0.17448089336213113,0.37043620223340534,0.3910730887524424
84,9385.474860335184,56,435,0.12873563218390804,199988.38799535096,3571.2212142026956,39.997677599070194,0.09194868413579355,100,77,0.77,1744.021031859683,inf,0.4985792389063912,1.0,0.7492896194531956,0.17132953234129894,0.38542832383085324,0.39100667975336484
85,9497.206703910602,53,435,0.12183908045977011,183848.19402624853,3468.833849551859,36.76963880524971,0.08452790529942462,100,74,0.74,1724.9396202336611,inf,0.5152910637945819,1.0,0.757645531897291,0.16344118670106678,0.37040860296675265,0.3907671672325903
86,9608.938547486021,56,435,0.12873563218390804,197309.20698793087,3523.378696213051,39.46184139758617,0.09071687677606016,100,80,0.8,1834.139345733495,inf,0.49346229531735925,1.0,0.7467311476586797,0.17199286455869028,0.40042998216139675,0.3908782340708525
87,9720.67039106144,56,435,0.12873563218390804,195145.79259959667,3484.746296421369,39.029158519919335,0.08972220349406744,100,80,0.8,1809.8309125207336,inf,0.48957294600331736,1.0,0.7447864730016587,0.1724678652462044,0.40043116966311554,0.3909867901571282
88,9832.402234636858,54,435,0.12413793103448276,184307.13705732246,3413.0951306911566,36.86142741146449,0.08473891358957354,100,79,0.79,1759.126735055027,inf,0.4879420241386942,1.0,0.7439710120693471,0.1703839507601132,0.3954259598769003,0.3910366684685863
89,9944.134078212277,58,435,0.13333333333333333,200751.10947256983,3461.226025389135,40.15022189451396,0.09229936067704358,100,76,0.76,1723.924140628297,inf,0.5020364693755011,1.0,0.7510182346877505,0.17064056299464647,0.38042660140748663,0.3909187788345741
90,10055.865921787696,59,435,0.135632183908046,197444.37829651887,3346.5148863816758,39.48887565930377,0.0907790245041466,100,75,0.75,1763.0109508075002,inf,0.5144516426211251,1.0,0.7572258213105625,0.16677660159679208,0.37541694150399196,0.39074842897379847
91,10167.597765363114,61,435,0.14022988505747128,200104.43205701187,3280.400525524785,40.02088641140237,0.09200203772736178,100,71,0.71,1704.8076189841158,inf,0.5320826818957445,1.0,0.7660413409478722,0.1629803483897448,0.35540745087097436,0.39036428790746347
92,10279.329608938533,64,435,0.1471264367816092,210114.8865211979,3283.0451018937174,42.02297730423959,0.09660454552698756,100,73,0.73,1751.1031827926997,inf,0.5256610646877342,1.0,0.7628305323438671,0.1668870065915602,0.3654172175164789,0.3900960398387432
93,10391.061452513952,64,435,0.1471264367816092,209095.46320605197,3267.116612594562,41.81909264121039,0.09613584515220779,100,76,0.76,1803.7013188018252,inf,0.5141626004578774,1.0,0.7570813002289387,0.16952727246163457,0.3804238181811541,0.3899931438636625
94,10502.79329608937,67,435,0.15402298850574714,228254.8329744167,3406.7885518569656,45.65096659488335,0.10494475079283529,100,72,0.72,1736.9341875577493,inf,0.530118523008316,1.0,0.765059261504158,0.16994274464433867,0.36042485686161085,0.3896818987373251
95,10614.52513966479,60,435,0.13793103448275862,201193.90085141207,3353.2316808568676,40.23878017028242,0.09250294292018947,100,81,0.81,1841.937226777394,inf,0.4883938307379379,1.0,0.7441969153689689,0.17415301377561032,0.40543538253443906,0.38984599752687843
96,10726.256983240208,57,435,0.1310344827586207,194965.56259553588,3420.4484665883488,38.99311251910717,0.0896393391243843,100,75,0.75,1692.4161373311474,inf,0.5038624205996721,1.0,0.7519312102998361,0.16885406441227413,0.3754221351610307,0.3896972979148594
97,10837.988826815626,57,435,0.1310344827586207,202616.42373803625,3554.6741006673024,40.52328474760725,0.09315697643128103,100,82,0.82,1773.8047392704395,inf,0.47090397724035216,1.0,0.735451988620176,0.17885249390555247,0.41044713123476384,0.3899090309079196
98,10949.720670391045,53,435,0.12183908045977011,186089.89366580514,3511.1300691661345,37.217978733161026,0.08555857180037017,100,83,0.83,1813.5226990431497,inf,0.4710447680411629,1.0,0.7355223840205815,0.17501809388989437,0.4154375452347247,0.39016689468899846
99,11061.452513966464,50,435,0.11494252873563218,171191.67912772595,3423.833582554519,34.23833582554519,0.07870881798975907,100,84,0.84,1835.3207821371834,inf,0.46833389139904696,1.0,0.7341669456995235,0.1722709361451178,0.42043067734036277,0.3904695325155121
100,11173.184357541882,50,435,0.11494252873563218,171605.61262106363,3432.1122524212724,34.321122524212726,0.07889913223956949,100,82,0.82,1810.703326686062,inf,0.47695534557651414,1.0,0.738477672788257,0.17021072972565626,0.4104255268243141,0.3906671166175794
101,11284.916201117301,51,435,0.11724137931034483,175923.14737762453,3449.473477992638,35.1846294755249,0.08088420569086184,100,80,0.8,1781.0626057573486,inf,0.4849700169211759,1.0,0.742485008460588,0.16919959861513695,0.4004229989965379,0.3907627625232555
102,11396.64804469272,52,435,0.11954022988505747,183082.21574908152,3520.8118413284906,36.61644314981632,0.08417573137888809,100,80,0.8,1786.1418609981133,inf,0.4857826977596982,1.0,0.7428913488798491,0.17064219124951946,0.4004266054781238,0.3908565862412639
103,11508.379888268139,51,435,0.11724137931034483,177498.32676404668,3480.359348314641,35.49966535280934,0.08160842609841228,100,80,0.8,1792.2879519042508,inf,0.4867660723046802,1.0,0.7433830361523401,0.16911269497303605,0.4004227817374326,0.3909485688902655
104,11620.111731843557,49,435,0.11264367816091954,166919.13888411777,3406.513038451383,33.38382777682355,0.07674443167085875,100,81,0.81,1813.3522172414673,inf,0.4837630591931179,1.0,0.741881529596559,0.1674314510371499,0.4054185786275929,0.3910863785068115
105,11731.843575418976,48,435,0.1103448275862069,159750.55136247992,3328.1364867183315,31.950110272495984,0.07344852936205973,100,79,0.79,1803.2532184481063,inf,0.49491400851480094,1.0,0.7474570042574005,0.16299576255232961,0.3954074894063808,0.3911271437039772
106,11843.575418994395,44,435,0.10114942528735632,137144.97636330975,3116.9312809843123,27.42899527266195,0.06305516154634931,100,76,0.76,1787.1260836445917,inf,0.5116431647139779,1.0,0.7558215823569889,0.15361678959468017,0.38038404197398673,0.3910267408840708
107,11955.307262569813,46,435,0.10574712643678161,145214.25449541872,3156.8316194656245,29.042850899083735,0.06676517448065226,100,78,0.78,1812.1105921336746,inf,0.5026892523728532,1.0,0.7513446261864266,0.15771027414711286,0.3903942756853678,0.39102088472482355
108,12067.039106145232,50,435,0.11494252873563218,166506.5426878263,3330.130853756526,33.301308537565255,0.07655473227026495,100,74,0.74,1724.5806753958752,inf,0.5152379399585896,1.0,0.7576189699792948,0.15946788114548505,0.3703986697028637,0.3908316900915946
109,12178.77094972065,51,435,0.11724137931034483,174754.98780373763,3426.5683883085812,34.95099756074754,0.08034712082930469,100,78,0.78,1743.9121834014036,inf,0.4920503006106189,1.0,0.7460251503053095,0.16716098526199763,0.390417902463155,0.3908279283858815
110,12290.50279329607,55,435,0.12643678160919541,195579.49301397172,3555.9907820722133,39.11589860279433,0.08992160598343524,100,76,0.76,1710.892834006021,inf,0.5000557107689153,1.0,0.7500278553844577,0.16994687529948882,0.38042486718824875,0.3907342071138307
111,12402.234636871488,50,435,0.11494252873563218,170962.41833945413,3419.248366789083,34.19248366789083,0.07860341073078353,100,79,0.79,1757.9271409840517,inf,0.48775248827548023,1.0,0.7438762441377401,0.16736358329652173,0.3954184089582413,0.3907760303445844
112,12513.966480446907,50,435,0.11494252873563218,168890.02716696367,3377.8005433392736,33.778005433392735,0.07765058720320168,100,82,0.82,1806.770756503894,inf,0.47631040406663855,1.0,0.7381552020333193,0.16974769258494116,0.4104243692314623,0.39094990944977803
113,12625.698324022325,52,435,0.11954022988505747,175496.26097737777,3374.928095718803,35.09925219547556,0.080687936081553,100,76,0.76,1776.0097803655992,inf,0.5099534866155712,1.0,0.7549767433077856,0.16285559638688363,0.38040713899096723,0.3908574290071569
114,12737.430167597744,54,435,0.12413793103448276,184129.72938568317,3409.809803438577,36.82594587713663,0.08465734684399226,100,76,0.76,1817.1961885804044,inf,0.5162138206642215,1.0,0.7581069103321108,0.1632752182559407,0.38040818804563986,0.39076656604227417
115,12849.162011173163,55,435,0.12643678160919541,189290.3010700169,3441.641837636671,37.85806021400337,0.08703002348046752,100,77,0.77,1775.391809898521,inf,0.5034103387243722,1.0,0.7517051693621861,0.1676624270591407,0.3854191560676479,0.39072046768042396
116,12960.893854748581,54,435,0.12413793103448276,184619.50189548827,3418.8796647312643,36.92390037909765,0.08488252960712105,100,76,0.76,1743.6718912860727,inf,0.505038127475483,1.0,0.7525190637377415,0.16618173293468974,0.38041545433233676,0.3906323906432608
117,13072.625698324,53,435,0.12183908045977011,179192.51405521127,3380.9908312304015,35.83850281104227,0.08238736278400521,100,74,0.74,1725.4478075064308,inf,0.5153662755109518,1.0,0.7576831377554759,0.16235211251426468,0.3704058802812857,0.3904609795384983
118,13184.357541899419,57,435,0.1310344827586207,193106.26846877453,3387.829271382009,38.62125369375491,0.08878449125001128,100,74,0.74,1764.086780691468,inf,0.5210848435423373,1.0,0.7605424217711687,0.1641210347394213,0.37041030258684854,0.39029248645487097
119,13296.089385474837,58,435,0.13333333333333333,193072.57091754815,3328.837429612899,38.61451418350963,0.08876899812301063,100,77,0.77,1801.218932565891,inf,0.5073877156151473,1.0,0.7536938578075736,0.16753757015771853,0.3854188439253943,0.3902518727671253
120,13407.821229050256,61,435,0.14022988505747128,202963.38894752876,3327.2686712709633,40.59267778950576,0.09331650066553047,100,72,0.72,1733.3633317203853,inf,0.5296043197677354,1.0,0.7648021598838677,0.16425717039083143,0.3604106429259771,0.39000525103290096
121,13519.553072625675,61,435,0.14022988505747128,199411.60292778388,3269.0426709472767,39.88232058555678,0.0916834955989811,100,72,0.72,1752.6305706056196,inf,0.5323788021672091,1.0,0.7661894010836046,0.1627470472576883,0.3604068676181442,0.38976264133278
122,13631.284916201093,60,435,0.13793103448275862,193115.23762992545,3218.587293832091,38.62304752598511,0.08878861500226462,100,73,0.73,1781.4868655421685,inf,0.5300970823691568,1.0,0.7650485411845784,0.16187003690884305,0.3654046750922721,0.3895646090869222
123,13743.016759776512,65,435,0.14942528735632185,222179.11528344755,3418.140235129962,44.435823056689514,0.10215131737170004,100,73,0.73,1735.7491519473263,inf,0.5234193761843096,1.0,0.7617096880921548,0.17022081463977268,0.36542555203659943,0.38936993927200025
124,13854.74860335193,60,435,0.13793103448275862,202180.30221615176,3369.6717036025293,40.436060443230346,0.09295646078903527,100,73,0.73,1704.4575207618577,inf,0.5188507980312314,1.0,0.7594253990156157,0.16676553088670976,0.36541691382721675,0.38917831506844197
125,13966.48044692735,60,435,0.13793103448275862,205530.76002824775,3425.5126671374624,41.106152005649555,0.09449690116241277,100,79,0.79,1797.9231991279826,inf,0.49407186546222126,1.0,0.7470359327311107,0.17373048421565107,0.39543432621053914,0.3892279659505221
126,14078.212290502768,60,435,0.13793103448275862,207162.51552467103,3452.7085920778504,41.4325031049342,0.09524713357456138,100,79,0.79,1833.3954605485842,inf,0.4996764827666763,1.0,0.7498382413833382,0.17270444609561153,0.39543176111523903,0.3892768147313467
127,14189.944134078187,56,435,0.12873563218390804,189301.4195002653,3380.382491076166,37.86028390005307,0.08703513540242085,100,78,0.78,1808.8934952917143,inf,0.5021873852655073,1.0,0.7510936926327536,0.1679707213848336,0.3904199268034621,0.38928574529441007
128,14301.675977653606,51,435,0.11724137931034483,167272.82162766435,3279.859247601262,33.45456432553288,0.07690704442651236,100,79,0.79,1800.2621243836884,inf,0.49444141565262284,1.0,0.7472207078263114,0.16484316830010043,0.39541210792075027,0.38933323647755996
129,14413.407821229024,51,435,0.11724137931034483,169775.3411931743,3328.928258689692,33.95506823863485,0.07805762813479276,100,77,0.77,1773.668962591803,inf,0.5031450202391377,1.0,0.7515725101195688,0.16324255900761192,0.38540810639751905,0.38930304316925196
130,14525.139664804443,54,435,0.12413793103448276,187453.61512750652,3471.363243101973,37.49072302550131,0.08618557017356623,100,76,0.76,1727.3775920690287,inf,0.5025613939944923,1.0,0.7512806969972461,0.16745243658816011,0.3804186310914704,0.3892352232297269
131,14636.871508379862,54,435,0.12413793103448276,189139.92121196268,3502.5911335548644,37.82798424239254,0.08696088331584492,100,78,0.78,1742.7888261895469,inf,0.4918750568855694,1.0,0.7459375284427847,0.17051167743653006,0.39042627919359135,0.38924424638096833
132,14748.60335195528,58,435,0.13333333333333333,207054.3373386028,3569.902367906945,41.410867467720564,0.09519739647751854,100,83,0.83,1849.5725855108467,inf,0.47702904919480055,1.0,0.7385145245974003,0.17834143594005913,0.41544585358985014,0.38944125094644866
133,14860.335195530699,48,435,0.1103448275862069,153209.3308035502,3191.861058407296,30.641866160710034,0.07044107163381617,100,79,0.79,1807.4835231615396,inf,0.4955823966595233,1.0,0.7477911983297616,0.1613249366520273,0.39540331234163006,0.3894857439419351
134,14972.067039106118,50,435,0.11494252873563218,157976.643062046,3159.53286124092,31.595328612409208,0.07263293933887174,100,74,0.74,1748.3137326038654,inf,0.5187504324253721,1.0,0.7593752162126861,0.15662886156309286,0.3703915721539077,0.38934430563239414
135,15083.798882681536,48,435,0.1103448275862069,146598.13807436434,3054.127876549257,29.319627614872868,0.06740144279281118,100,77,0.77,1841.8735861325574,inf,0.5136485322644136,1.0,0.7568242661322069,0.15528858833030212,0.38538822147082574,0.38931521677826497
136,15195.530726256955,47,435,0.10804597701149425,143459.42410181437,3052.328172379029,28.691884820362866,0.06595835590888015,100,75,0.75,1816.4210987420922,inf,0.5224631648113139,1.0,0.761231582405657,0.15236338675161154,0.37538090846687905,0.3892135064986198
137,15307.262569832374,49,435,0.11264367816091954,157499.4047967523,3214.273567280659,31.499880959350456,0.07241351944678266,100,74,0.74,1752.5739990279778,inf,0.5193809518561406,1.0,0.7596904759280703,0.15636152175935625,0.3703909038043984,0.38907711082692253
138,15418.994413407792,47,435,0.10804597701149425,150460.10940548067,3201.278923520865,30.092021881096144,0.06917706179562332,100,77,0.77,1757.4608861801378,inf,0.5006489764717412,1.0,0.7503244882358706,0.15942628677987636,0.3853985657169497,0.38905064647361337
139,15530.726256983211,48,435,0.1103448275862069,154346.6999278355,3215.5562484965726,30.869339985567102,0.07096399996682093,100,74,0.74,1717.0003159214682,inf,0.5141160467563772,1.0,0.7570580233781886,0.1569529882943162,0.3703923824707358,0.3889173731593071
140,15642.45810055863,50,435,0.11494252873563218,161059.48738110682,3221.1897476221366,32.21189747622137,0.07405033902579625,100,75,0.75,1753.4787050140314,inf,0.5130218057521047,1.0,0.7565109028760524,0.15876971807487195,0.3753969242951872,0.38882148345105094
141,15754.189944134048,54,435,0.12413793103448276,177025.42661659807,3278.2486410481124,35.40508532331962,0.08139100074326348,100,79,0.79,1815.70220911674,inf,0.49688094904044466,1.0,0.7484404745202223,0.16647526311152056,0.3954161881577788,0.3888679250334927
142,15865.921787709467,57,435,0.1310344827586207,189816.56645488486,3330.1152009628922,37.96331329097697,0.08727198457695855,100,75,0.75,1784.7564195646296,inf,0.5177134629346944,1.0,0.7588567314673472,0.16420762655480564,0.375410519066387,0.388773817299457
143,15977.653631284886,56,435,0.12873563218390804,184918.21012516887,3302.1108950923012,36.983642025033774,0.08501986672421558,100,76,0.76,1792.1664869196622,inf,0.5124093060117887,1.0,0.7562046530058943,0.16440760685916056,0.3804110190171479,0.3887157423113854
144,16089.385474860304,59,435,0.135632183908046,201856.9525364917,3421.3042802795203,40.37139050729833,0.09280779426965133,100,71,0.71,1681.1836922787293,inf,0.5287280843035794,1.0,0.7643640421517897,0.1642218760589308,0.3554105546901473,0.3884860513622734
145,16201.117318435723,60,435,0.13793103448275862,210135.1569903259,3502.2526165054314,42.027031398065176,0.09661386528290845,100,74,0.74,1751.5548801954558,inf,0.5192301222689275,1.0,0.7596150611344638,0.16849940207422237,0.37042124850518554,0.38836231983585495
146,16312.849162011142,60,435,0.13793103448275862,212215.40232651762,3536.923372108627,42.44308046530353,0.097570299920238,100,72,0.72,1720.711214651289,inf,0.5277824149097856,1.0,0.7638912074548928,0.16683954623267255,0.36041709886558165,0.3881722162918395
147,16424.581005586562,56,435,0.12873563218390804,189409.41043068655,3382.310900547974,37.88188208613731,0.08708478640491335,100,73,0.73,1725.6401621748405,inf,0.5219434636775268,1.0,0.7609717318387634,0.16305652728307496,0.3654076413182077,0.3880184015960717
148,16536.312849161983,60,435,0.13793103448275862,204398.60245324866,3406.643374220811,40.879720490649724,0.09397636894402235,100,72,0.72,1740.849213143235,inf,0.5306822866926258,1.0,0.7653411433463129,0.1643176127988547,0.3604107940319971,0.38783311563926587
149,16648.044692737403,59,435,0.135632183908046,195545.2085916645,3314.3255693502456,39.109041718332904,0.08990584303065036,100,75,0.75,1812.0361954808457,inf,0.5218054293221268,1.0,0.7609027146610634,0.16450156418479345,0.375411253910462,0.3877503032277405
150,16759.776536312824,60,435,0.13793103448275862,200000.63817281762,3333.34396954696,40.00012763456351,0.09195431640129544,100,73,0.73,1741.0489831849668,inf,0.5241931515450051,1.0,0.7620965757725026,0.16492887031439646,0.365412322175786,0.38760236957838984
151,16871.508379888244,65,435,0.14942528735632185,226342.17052808547,3482.1872388936226,45.26843410561709,0.10406536576003929,100,75,0.75,1771.707996541839,inf,0.5157561994812759,1.0,0.757878099740638,0.1730936330097006,0.37543273408252426,0.38752230618696965
152,16983.240223463665,67,435,0.15402298850574714,239038.93790803355,3567.7453419109484,47.8077875816067,0.10990295995771655,100,72,0.72,1717.0537462115244,inf,0.5272557394544595,1.0,0.7636278697272297,0.17313754511524343,0.3604328438627881,0.3873452508776613
153,17094.972067039085,57,435,0.1310344827586207,189018.53253257286,3316.1146058346117,37.80370650651457,0.08690507242876913,100,73,0.73,1731.1335060525948,inf,0.5227454918836788,1.0,0.7613727459418393,0.16276616324346493,0.36540691540810866,0.387202794153833
154,17206.703910614506,56,435,0.12873563218390804,182026.6629371817,3250.476123878245,36.40533258743635,0.08369041974123298,100,75,0.75,1792.8604821443437,inf,0.5189290723216516,1.0,0.7594645361608259,0.16211294179020352,0.3754052823544755,0.38712668117448235
155,17318.435754189926,55,435,0.12643678160919541,175453.53246267236,3190.064226594043,35.09070649253446,0.08066829078743554,100,74,0.74,1803.8577669298538,inf,0.5269709495056183,1.0,0.7634854747528091,0.15859140801731325,0.37039647852004326,0.3870194362856718
156,17430.167597765347,51,435,0.11724137931034483,154551.9177397059,3030.4297596020765,30.910383547941183,0.07105835298377283,100,75,0.75,1820.4861809250453,inf,0.5230729271387566,1.0,0.7615364635693783,0.1547609447071972,0.37538690236176797,0.3869453437129081
157,17541.899441340767,55,435,0.12643678160919541,176370.74686939933,3206.7408521708967,35.27414937387987,0.08108999856064339,100,73,0.73,1786.0678578638485,inf,0.5307659072481219,1.0,0.765382953624061,0.15785352246829126,0.3653946338061707,0.3868089468147642
158,17653.631284916188,63,435,0.14482758620689656,219658.7075070136,3486.6461509049777,43.93174150140272,0.10099250919862694,100,75,0.75,1778.7024281523645,inf,0.5168053642228546,1.0,0.7584026821114274,0.17129491354359982,0.375428237283859,0.38673737002526165
159,17765.36312849161,63,435,0.14482758620689656,220718.74752701525,3503.472182968496,44.14374950540305,0.10147988392046678,100,79,0.79,1803.8693942766165,inf,0.4950113642957054,1.0,0.7475056821478527,0.17698710088630698,0.3954424677522158,0.3867917768860551
160,17877.09497206703,57,435,0.1310344827586207,189988.544041006,3333.132351596597,37.99770880820121,0.08735105473149704,100,79,0.79,1806.1017741369699,inf,0.4953640803136412,1.0,0.7476820401568206,0.16983450728733823,0.39542458626821836,0.3868453968201058
161,17988.82681564245,59,435,0.135632183908046,197385.26586221473,3345.512980715504,39.47705317244293,0.09075184637343202,100,78,0.78,1836.5841852866188,inf,0.5065071329047126,1.0,0.7532535664523563,0.16874913996053786,0.3904218728499014,0.3868674738326354
162,18100.55865921787,59,435,0.135632183908046,197290.81066950108,3343.912045245781,39.4581621339002,0.09070841869862116,100,79,0.79,1851.1676751586344,inf,0.5024844926750642,1.0,0.7512422463375321,0.1697330861805445,0.39542433271545135,0.38691996989940114
163,18212.29050279329,55,435,0.12643678160919541,180957.24337404702,3290.131697709946,36.191448674809415,0.08319873258576876,100,75,0.75,1778.1720152121077,inf,0.5167258022818161,1.0,0.7583629011409081,0.16241791572243036,0.37540604478930606,0.3868497630389737
164,18324.02234636871,53,435,0.12183908045977011,173928.81846249168,3281.6758200470126,34.78576369249832,0.07996727285631798,100,80,0.8,1841.1788255618455,inf,0.4945886120898953,1.0,0.7472943060449476,0.16633648340568513,0.40041584120851426,0.38693198169454673
165,18435.75418994413,46,435,0.10574712643678161,140672.71143261515,3058.1024224481553,28.134542286523025,0.06467710870465063,100,74,0.74,1799.4675384729776,inf,0.5263211956940007,1.0,0.7631605978470004,0.15075825542882515,0.37037689563857207,0.3868322522604746
166,18547.48603351955,47,435,0.10804597701149425,145158.12037414894,3088.470646258488,29.031624074829786,0.06673936568926388,100,76,0.76,1790.7066625860523,inf,0.5121874127130799,1.0,0.7560937063565399,0.15532282966636196,0.38038830707416593,0.38679366576235297
167,18659.217877094972,51,435,0.11724137931034483,162488.75604275425,3186.054040054005,32.497751208550845,0.07470747404264562,100,77,0.77,1780.1524963323739,inf,0.5041434844351855,1.0,0.7520717422175928,0.16131786591252645,0.38540329466478135,0.3867853897439151
168,18770.949720670393,52,435,0.11954022988505747,166569.25731094784,3203.2549482874583,33.31385146218956,0.07658356657974612,100,75,0.75,1746.5322377682241,inf,0.5119798356652336,1.0,0.7559899178326168,0.16029682437356463,0.37540074206093393,0.38671802496472585
169,18882.681564245813,59,435,0.135632183908046,200448.7026392237,3397.435637952944,40.089740527844725,0.0921603230525166,100,80,0.8,1806.6037747329858,inf,0.48905660395727774,1.0,0.7445283019786388,0.17381601053693885,0.4004345400263424,0.3867987103474412
170,18994.413407821234,58,435,0.13333333333333333,191807.1106712638,3307.0191495045483,38.36142213425276,0.0881871773201213,100,74,0.74,1750.2137428339338,inf,0.5190316339394222,1.0,0.7595158169697112,0.16433568017520506,0.370410839200438,0.3867028748436575
171,19106.145251396654,57,435,0.1310344827586207,184402.74217878113,3235.1358276979145,36.880548435756225,0.08478286996725569,100,74,0.74,1762.7297416427423,inf,0.5208840017631259,1.0,0.7604420008815629,0.1621704345428464,0.3704054260863571,0.3866081222346034
172,19217.877094972075,55,435,0.12643678160919541,175744.27020653835,3195.350367391606,35.14885404130767,0.08080196331335097,100,79,0.79,1822.672441570386,inf,0.49798224576812106,1.0,0.7489911228840606,0.16590542021464522,0.3954147635505366,0.38665902767573596
173,19329.608938547495,61,435,0.14022988505747128,208381.55137206338,3416.0910060993997,41.676310274412664,0.09580760982623601,100,78,0.78,1785.995218486131,inf,0.49861525408383645,1.0,0.7493076270419182,0.17324999139215885,0.39043312497848043,0.3866807178901196
174,19441.340782122916,62,435,0.1425287356321839,215519.0521835545,3476.1137448960403,43.10381043671091,0.09908921939473772,100,74,0.74,1710.8273170940963,inf,0.5132024429299262,1.0,0.7566012214649631,0.1712439989648873,0.3704281099974122,0.3865878458450184
175,19553.072625698336,63,435,0.14482758620689656,222059.45668195654,3524.753280665977,44.411891336391314,0.10209630192273865,100,80,0.8,1781.3808933929008,inf,0.4850209429428641,1.0,0.742510471471432,0.17979291522565327,0.40044948228806415,0.3866666051429902
176,19664.804469273757,62,435,0.1425287356321839,215107.84210410056,3469.4813242596865,43.0215684208201,0.09890015728924162,100,78,0.78,1760.8491843462996,inf,0.49469247275802275,1.0,0.7473462363790113,0.17577696045511515,0.3904394424011378,0.3866879206077255
177,19776.536312849177,64,435,0.1471264367816092,225385.30459247576,3521.6453842574338,45.07706091849515,0.10362542739883943,100,77,0.77,1719.599765332799,inf,0.49481836386125105,1.0,0.7474091819306256,0.17810812273410698,0.3854452703068353,0.3866809394262598
178,19888.268156424598,61,435,0.14022988505747128,210656.98410125292,3453.393181987753,42.13139682025058,0.0968537857936795,100,74,0.74,1695.8464797753315,inf,0.510985279006749,1.0,0.7554926395033745,0.1706805731451525,0.3704267014328629,0.386590133627414
179,20000.00000000002,61,435,0.14022988505747128,212668.31251767313,3486.365778978248,42.53366250353463,0.09777853449088421,100,78,0.78,1773.8333156084025,inf,0.4967179972349108,1.0,0.7483589986174554,0.1747097679367144,0.3904367744198418,0.3866115038540386
