traffic_seed,stochastic_seed,algorithm,bundle_id,source_id,science_priority,delivered,on_time,arrival_s,latency_s,hops,attempts,transfer_failures,retries,wasted_capacity_bytes,fallbacks,actual_algorithms,path,reason
910000000,710000000,temporal,B0075,0,0.6963433191448201,True,True,19.668567665600236,19.547620920921094,3,3,0,0,0,0,temporal|temporal|temporal,0-3-9-12,delivered_on_time
910000000,710000000,temporal,B0082,2,0.5832120947246973,True,True,68.03444265264199,66.43672231880174,3,3,0,0,0,0,temporal|temporal|temporal,2-8-10-13,delivered_on_time
910000000,710000000,temporal,B0045,1,0.15882560804283763,True,True,119.02283531804139,100.67182755722528,3,3,0,0,0,0,temporal|temporal|temporal,1-7-9-12,delivered_on_time
910000000,710000000,temporal,B0067,0,0.6553938654403667,True,True,44.48524795602528,22.559166840921094,3,3,0,0,0,0,temporal|temporal|temporal,0-3-9-12,delivered_on_time
910000000,710000000,temporal,B0098,2,0.18145527775069903,True,True,71.26346428363647,47.78133223880174,3,3,0,0,0,0,temporal|temporal|temporal,2-8-10-13,delivered_on_time
910000000,710000000,temporal,B0058,2,0.11030204039879213,True,True,74.38285718160849,45.45126055880174,3,3,0,0,0,0,temporal|temporal|temporal,2-8-10-13,delivered_on_time
910000000,710000000,temporal,B0043,0,0.6868774890827484,True,True,117.31151908688231,87.14130924092109,3,3,0,0,0,0,temporal|temporal|temporal,0-3-9-12,delivered_on_time
910000000,710000000,temporal,B0033,2,0.32193286004916305,True,True,62.70954370596347,16.285018638801745,3,3,0,0,0,0,temporal|temporal|temporal,2-8-10-13,delivered_on_time
910000000,710000000,temporal,B0002,1,0.8108829016945442,True,True,199.5587264268459,88.41097731722525,3,3,0,0,0,0,temporal|temporal|temporal,1-7-9-12,delivered_on_time
910000000,710000000,temporal,B0080,0,0.6106969942763446,True,True,184.9154658712869,70.52913804092108,3,3,0,0,0,0,temporal|temporal|temporal,0-3-9-12,delivered_on_time
910000000,710000000,temporal,B0016,2,0.8667776675129164,True,True,181.58934990941495,61.34214727880176,3,3,0,0,0,0,temporal|temporal|temporal,2-8-10-13,delivered_on_time
910000000,710000000,temporal,B0024,1,0.8988875692115696,True,True,166.83920450603617,19.66117155722523,3,3,0,0,0,0,temporal|temporal|temporal,1-7-9-12,delivered_on_time
910000000,710000000,temporal,B0076,2,0.8699988722932254,True,True,185.23468227600017,37.98362023880176,3,3,0,0,0,0,temporal|temporal|temporal,2-8-10-13,delivered_on_time
910000000,710000000,temporal,B0004,2,0.15659919535511505,True,True,203.55531861063463,46.66433699673502,3,4,1,1,12536833,0,temporal|temporal|temporal|temporal,2-8-10-13,delivered_on_time
910000000,710000000,temporal,B0030,2,0.8295347205119564,True,True,218.59692296810826,59.81635879880176,3,3,0,0,0,0,temporal|temporal|temporal,2-8-10-13,delivered_on_time
910000000,710000000,temporal,B0014,1,0.12369199645494916,True,True,177.93683582216204,18.952942117225234,3,3,0,0,0,0,temporal|temporal|temporal,1-7-9-12,delivered_on_time
910000000,710000000,temporal,B0018,1,0.49852539969532617,True,True,251.96827155754283,91.07928483722523,3,3,0,0,0,0,temporal|temporal|temporal,1-7-9-12,delivered_on_time
910000000,710000000,temporal,B0027,0,0.8031621781143155,True,True,221.48579415647038,50.42474427694552,1,1,0,0,0,0,temporal,0-12,delivered_on_time
910000000,710000000,temporal,B0011,1,0.42638784444307753,True,True,191.27179487047437,14.470667557225227,3,3,0,0,0,0,temporal|temporal|temporal,1-7-9-12,delivered_on_time
910000000,710000000,temporal,B0001,0,0.7618087655025267,True,True,202.43691955647037,20.59210775703835,1,1,0,0,0,0,temporal,0-12,delivered_on_time
910000000,710000000,temporal,B0012,1,0.4809056416791908,True,True,204.71339572468642,18.566209436473713,3,4,1,1,9682494,0,temporal|temporal|temporal|temporal,1-7-9-12,delivered_on_time
910000000,710000000,temporal,B0091,1,0.14338083462465395,True,True,301.9398867607512,109.15133475722524,3,3,0,0,0,0,temporal|temporal|temporal,1-7-9-12,delivered_on_time
910000000,710000000,temporal,B0094,1,0.2916787819217951,True,True,257.54807786208346,49.69083363722521,3,3,0,0,0,0,temporal|temporal|temporal,1-7-9-12,delivered_on_time
910000000,710000000,temporal,B0096,1,0.5949218530204232,True,True,351.42341994105664,110.88144867722528,3,3,0,0,0,0,temporal|temporal|temporal,1-7-9-12,delivered_on_time
910000000,710000000,temporal,B0064,2,0.19183322229052083,True,True,282.25236194099017,37.88437159880175,3,3,0,0,0,0,temporal|temporal|temporal,2-8-10-13,delivered_on_time
910000000,710000000,temporal,B0025,0,0.23837816946736928,True,True,268.5243733048439,22.98036075647036,1,1,0,0,0,0,temporal,0-12,delivered_on_time
910000000,710000000,temporal,B0046,1,0.8261776112107054,True,True,360.7461741572586,111.9032198772253,3,3,0,0,0,0,temporal|temporal|temporal,1-7-9-12,delivered_on_time
910000000,710000000,temporal,B0099,0,0.3168682298081396,True,True,271.1266116349648,4.74852595647036,1,1,0,0,0,0,temporal,0-12,delivered_on_time
910000000,710000000,temporal,B0008,1,0.988583989851672,True,True,347.6549902464729,76.31624643722529,3,3,0,0,0,0,temporal|temporal|temporal,1-7-9-12,delivered_on_time
910000000,710000000,temporal,B0056,1,0.11093094298785028,True,True,376.16280653156684,102.41540451722523,3,3,0,0,0,0,temporal|temporal|temporal,1-7-9-12,delivered_on_time
910000000,710000000,temporal,B0073,2,0.6362207456420435,True,True,376.3920418839683,97.0399008788018,3,3,0,0,0,0,temporal|temporal|temporal,2-8-10-13,delivered_on_time
910000000,710000000,temporal,B0097,1,0.6171937900408145,True,True,399.6509677805773,106.32968835722528,3,3,0,0,0,0,temporal|temporal|temporal,1-7-9-12,delivered_on_time
910000000,710000000,temporal,B0053,2,0.6060572785840749,True,True,385.32337253569654,87.91351495880178,3,3,0,0,0,0,temporal|temporal|temporal,2-8-10-13,delivered_on_time
910000000,710000000,temporal,B0040,0,0.6374841725599185,True,True,327.2815621559818,23.355795356470367,1,1,0,0,0,0,temporal,0-12,delivered_on_time
910000000,710000000,temporal,B0074,1,0.8205064999506386,True,True,376.7533455436594,68.0043965172253,3,3,0,0,0,0,temporal|temporal|temporal,1-7-9-12,delivered_on_time
910000000,710000000,temporal,B0061,1,0.2962094250525832,True,True,409.27990198936317,95.83908195722523,3,3,0,0,0,0,temporal|temporal|temporal,1-7-9-12,delivered_on_time
910000000,710000000,temporal,B0005,2,0.5800036162518872,True,True,406.7577990950681,61.313956684236814,2,3,1,1,92529193,0,temporal|temporal|temporal,2-8-13,delivered_on_time
910000000,710000000,temporal,B0021,2,0.9514028377370961,True,True,399.3052432692339,40.154686680433656,2,2,0,0,0,0,temporal|temporal,2-8-13,delivered_on_time
910000000,710000000,temporal,B0015,0,0.9940153327784051,True,True,368.4439687864493,4.431594356470384,1,1,0,0,0,0,temporal,0-12,delivered_on_time
910000000,710000000,temporal,B0066,0,0.5068675856269298,True,True,379.3199953751498,4.120140756470391,1,1,0,0,0,0,temporal,0-12,delivered_on_time
910000000,710000000,temporal,B0069,1,0.3664817568362616,True,True,510.8952078292453,111.4199712372253,3,3,0,0,0,0,temporal|temporal|temporal,1-7-9-12,delivered_on_time
910000000,710000000,temporal,B0026,1,0.25690189194322605,True,True,508.4251111377816,99.5878790772253,3,3,0,0,0,0,temporal|temporal|temporal,1-7-9-12,delivered_on_time
910000000,710000000,temporal,B0036,1,0.11195040658887712,True,True,472.6755323487407,51.842004517225234,3,3,0,0,0,0,temporal|temporal|temporal,1-7-9-12,delivered_on_time
910000000,710000000,temporal,B0028,2,0.10850678477552161,True,True,458.149295960169,30.147509783363603,2,2,0,0,0,0,temporal|temporal,2-8-13,delivered_on_time
910000000,710000000,temporal,B0007,2,0.5421778260100008,True,True,456.99308782561036,14.577264703363653,2,2,0,0,0,0,temporal|temporal,2-8-13,delivered_on_time
910000000,710000000,temporal,B0060,1,0.7546255651708751,True,True,498.9189160062576,38.39757603722529,3,3,0,0,0,0,temporal|temporal|temporal,1-7-9-12,delivered_on_time
910000000,710000000,temporal,B0072,0,0.6426103783034696,True,True,473.2744657151427,7.050244156470399,1,1,0,0,0,0,temporal,0-12,delivered_on_time
910000000,710000000,temporal,B0000,2,0.7527858883282608,True,True,492.55278238491184,16.00149556336362,2,2,0,0,0,0,temporal|temporal,2-8-13,delivered_on_time
910000000,710000000,temporal,B0081,0,0.5690106066053574,True,True,499.5772369948052,21.71835595647036,1,1,0,0,0,0,temporal,0-12,delivered_on_time
910000000,710000000,temporal,B0047,2,0.8089408532474548,True,True,508.54882882336426,27.231971963363605,2,2,0,0,0,0,temporal|temporal,2-8-13,delivered_on_time
910000000,710000000,temporal,B0037,0,0.20410644039069095,True,True,511.4126978863364,5.089942556470362,1,1,0,0,0,0,temporal,0-12,delivered_on_time
910000000,710000000,temporal,B0035,0,0.4585334325531223,True,True,528.0461162028313,19.969596756470366,1,1,0,0,0,0,temporal,0-12,delivered_on_time
910000000,710000000,temporal,B0054,0,0.1175464178961476,True,True,519.6272566660103,7.221065356470376,1,1,0,0,0,0,temporal,0-12,delivered_on_time
910000000,710000000,temporal,B0063,2,0.10475252019802649,True,True,520.6841552583114,8.014046483363586,2,2,0,0,0,0,temporal|temporal,2-8-13,delivered_on_time
910000000,710000000,temporal,B0044,2,0.9955428848024412,True,True,539.1686671984663,20.983661323363663,2,2,0,0,0,0,temporal|temporal,2-8-13,delivered_on_time
910000000,710000000,temporal,B0089,2,0.8932631675758038,True,True,536.3085981039002,9.742826783363626,2,2,0,0,0,0,temporal|temporal,2-8-13,delivered_on_time
910000000,710000000,temporal,B0084,2,0.8504626696158631,True,True,546.6870479670774,4.969373943363621,2,2,0,0,0,0,temporal|temporal,2-8-13,delivered_on_time
910000000,710000000,temporal,B0020,1,0.7569067711949438,True,True,565.6440579833293,13.801557567254235,2,2,0,0,0,0,temporal|temporal,1-7-12,delivered_on_time
910000000,710000000,temporal,B0032,2,0.5835276926427068,True,True,567.6822399905476,9.364795052096383,2,3,1,1,13903027,0,temporal|temporal|temporal,2-8-13,delivered_on_time
910000000,710000000,temporal,B0077,0,0.2503785075324589,True,True,582.5626091978102,16.625845156470405,1,1,0,0,0,0,temporal,0-12,delivered_on_time
910000000,710000000,temporal,B0006,2,0.15419746892796046,True,True,614.9763826386637,16.26242870336364,2,2,0,0,0,0,temporal|temporal,2-8-13,delivered_on_time
910000000,710000000,temporal,B0059,0,0.815286540994832,True,True,610.8723801217313,10.585576556470414,1,1,0,0,0,0,temporal,0-12,delivered_on_time
910000000,710000000,temporal,B0071,1,0.31290593266239536,True,True,623.5961689452449,17.275934728074617,2,2,0,0,0,0,temporal|temporal,1-7-12,delivered_on_time
910000000,710000000,temporal,B0017,2,0.9607882255511186,True,True,686.4761155815345,79.84067239880176,3,3,0,0,0,0,temporal|temporal|temporal,2-8-10-13,delivered_on_time
910000000,710000000,temporal,B0078,1,0.6788282221836142,True,True,627.733435898398,12.657058908074532,2,2,0,0,0,0,temporal|temporal,1-7-12,delivered_on_time
910000000,710000000,temporal,B0009,1,0.18961466383173833,True,True,633.8203455517078,15.997370168074553,2,2,0,0,0,0,temporal|temporal,1-7-12,delivered_on_time
910000000,710000000,temporal,B0010,1,0.42981248039145037,True,True,658.9515957878231,29.642268188074695,2,2,0,0,0,0,temporal|temporal,1-7-12,delivered_on_time
910000000,710000000,temporal,B0055,1,0.5958217840589656,True,True,655.5239822683892,26.123817928074573,2,2,0,0,0,0,temporal|temporal,1-7-12,delivered_on_time
910000000,710000000,temporal,B0052,2,0.28178377941545174,True,True,663.4830602454222,27.848562318801783,3,3,0,0,0,0,temporal|temporal|temporal,2-8-10-13,delivered_on_time
910000000,710000000,temporal,B0087,0,0.16801625127603365,True,True,646.1190815717014,8.997760356470394,1,1,0,0,0,0,temporal,0-12,delivered_on_time
910000000,710000000,temporal,B0038,0,0.6514202452051495,True,True,668.1703332436421,19.125079556470382,1,1,0,0,0,0,temporal,0-12,delivered_on_time
910000000,710000000,temporal,B0042,0,0.35115552089958924,True,True,670.0117200868438,16.790676183483697,1,2,1,1,30201081,0,temporal|temporal,0-12,delivered_on_time
910000000,710000000,temporal,B0041,0,0.22530648001932518,True,True,694.2355019966819,29.898037672921646,2,2,0,0,0,0,temporal|temporal,0-7-12,delivered_on_time
910000000,710000000,temporal,B0019,1,0.9333559072826239,True,True,712.710607739213,21.763969708074683,2,2,0,0,0,0,temporal|temporal,1-7-12,delivered_on_time
910000000,710000000,temporal,B0039,0,0.2546626481863488,True,True,708.2119639729572,8.957218032921674,2,2,0,0,0,0,temporal|temporal,0-7-12,delivered_on_time
910000000,710000000,temporal,B0013,1,0.7547952627983595,True,True,731.1230923037347,14.404177788074662,2,2,0,0,0,0,temporal|temporal,1-7-12,delivered_on_time
910000000,710000000,temporal,B0085,0,0.27367076486161424,True,True,736.8024726826224,19.663476192921735,2,2,0,0,0,0,temporal|temporal,0-7-12,delivered_on_time
910000000,710000000,temporal,B0023,1,0.37075404603822104,True,True,848.4028591627003,126.53495949686226,2,2,0,0,0,0,temporal|temporal,1-9-12,delivered_on_time
910000000,710000000,temporal,B0031,1,0.2776558266982295,True,True,733.7297389995326,11.631524788074557,2,2,0,0,0,0,temporal|temporal,1-7-12,delivered_on_time
910000000,710000000,temporal,B0068,1,0.285641711123241,True,True,733.7045644460076,10.848691568074628,2,2,0,0,0,0,temporal|temporal,1-7-12,delivered_on_time
910000000,710000000,temporal,B0092,2,0.14191182308362138,True,True,818.2257213734003,85.11382855880174,3,3,0,0,0,0,temporal|temporal|temporal,2-8-10-13,delivered_on_time
910000000,710000000,temporal,B0095,2,0.5477128866552389,True,True,760.6296393518605,18.752332878801667,3,3,0,0,0,0,temporal|temporal|temporal,2-8-10-13,delivered_on_time
910000000,710000000,temporal,B0079,0,0.22255270674054278,True,True,756.333794880574,10.436923012921739,2,2,0,0,0,0,temporal|temporal,0-7-12,delivered_on_time
910000000,710000000,temporal,B0057,0,0.4589860268902919,True,True,768.3695483024806,6.018733132921739,2,2,0,0,0,0,temporal|temporal,0-7-12,delivered_on_time
910000000,710000000,temporal,B0051,0,0.9986247288470933,True,True,807.1986852588808,23.768755812921768,2,2,0,0,0,0,temporal|temporal,0-7-12,delivered_on_time
910000000,710000000,temporal,B0062,2,0.9517196604016409,True,True,820.4895120943764,27.591166346148043,3,4,1,1,9839096,0,temporal|temporal|temporal|temporal,2-8-10-13,delivered_on_time
910000000,710000000,temporal,B0090,1,0.6484018907229743,True,True,866.4883157432896,62.14327096352906,2,2,0,0,0,0,temporal|temporal,1-9-12,delivered_on_time
910000000,710000000,temporal,B0022,2,0.6423473743038504,True,True,920.1345415587083,106.45680487880168,3,3,0,0,0,0,temporal|temporal|temporal,2-8-10-13,delivered_on_time
910000000,710000000,temporal,B0065,2,0.40516841851704155,True,True,892.1936998785661,73.99235143880173,3,3,0,0,0,0,temporal|temporal|temporal,2-8-10-13,delivered_on_time
910000000,710000000,temporal,B0050,0,0.6444014642812675,True,True,852.2366570735724,30.794192412921802,2,2,0,0,0,0,temporal|temporal,0-7-12,delivered_on_time
910000000,710000000,temporal,B0049,0,0.6881539006361468,True,True,868.5702867447698,30.379078232921756,2,2,0,0,0,0,temporal|temporal,0-7-12,delivered_on_time
910000000,710000000,temporal,B0048,2,0.990300128689138,True,True,941.9142207354105,102.95643175880184,3,3,0,0,0,0,temporal|temporal|temporal,2-8-10-13,delivered_on_time
910000000,710000000,temporal,B0034,2,0.9539165505800509,True,True,893.8858749305123,51.75150247880174,3,3,0,0,0,0,temporal|temporal|temporal,2-8-10-13,delivered_on_time
910000000,710000000,temporal,B0086,2,0.2940917148200175,True,True,873.2293650542309,26.30306695880165,3,3,0,0,0,0,temporal|temporal|temporal,2-8-10-13,delivered_on_time
910000000,710000000,temporal,B0003,2,0.6810342550492756,True,True,961.0968190744339,106.25782279880161,3,3,0,0,0,0,temporal|temporal|temporal,2-8-10-13,delivered_on_time
910000000,710000000,temporal,B0029,1,0.1883856442431594,True,True,935.638168573276,76.3150372113746,2,3,1,1,41613007,0,temporal|temporal|temporal,1-9-12,delivered_on_time
910000000,710000000,temporal,B0088,0,0.3252136922697543,True,True,894.8476288352322,27.847770492921768,2,2,0,0,0,0,temporal|temporal,0-7-12,delivered_on_time
910000000,710000000,temporal,B0083,1,0.7646971807594524,True,True,964.664139425427,89.74546723019569,2,2,0,0,0,0,temporal|temporal,1-9-12,delivered_on_time
910000000,710000000,temporal,B0093,1,0.24991703023136128,True,True,946.8025334744168,64.41666616352893,2,2,0,0,0,0,temporal|temporal,1-9-12,delivered_on_time
910000000,710000000,temporal,B0070,0,0.18031069695620797,True,True,910.3392541519205,24.58295751292178,2,2,0,0,0,0,temporal|temporal,0-7-12,delivered_on_time
910000000,710000000,rl_pure,B0075,0,0.6963433191448201,True,True,201.51990415647037,201.39895741179123,1,1,0,0,0,0,rl,0-12,delivered_on_time
910000000,710000000,rl_pure,B0082,2,0.5832120947246973,True,True,75.3830959554092,73.78537562156896,2,2,0,0,0,0,rl|rl,2-9-12,delivered_on_time
910000000,710000000,rl_pure,B0045,1,0.15882560804283763,True,True,130.16238219101183,111.81137443019573,2,2,0,0,0,0,rl|rl,1-9-12,delivered_on_time
910000000,710000000,rl_pure,B0067,0,0.6553938654403667,True,True,204.5866886303332,182.66060751522903,1,2,1,1,12196896,0,rl|rl,0-12,delivered_on_time
910000000,710000000,rl_pure,B0098,2,0.18145527775069903,True,True,82.7038617466755,59.22172970184077,2,3,1,1,15411414,0,rl|rl|rl,2-9-12,delivered_on_time
910000000,710000000,rl_pure,B0058,2,0.11030204039879213,True,True,79.39979251104236,50.46819588823562,2,2,0,0,0,0,rl|rl,2-9-12,delivered_on_time
910000000,710000000,rl_pure,B0043,0,0.6868774890827484,True,True,215.60192255647036,185.43171271050915,1,1,0,0,0,0,rl,0-12,delivered_on_time
910000000,710000000,rl_pure,B0033,2,0.32193286004916305,True,True,64.48578548873068,18.06126042156896,2,2,0,0,0,0,rl|rl,2-9-12,delivered_on_time
910000000,710000000,rl_pure,B0002,1,0.8108829016945442,True,True,209.33595660648302,98.18820749686236,2,2,0,0,0,0,rl|rl,1-9-12,delivered_on_time
910000000,710000000,rl_pure,B0080,0,0.6106969942763446,True,True,212.14105355647038,97.75472572610457,1,1,0,0,0,0,rl,0-12,delivered_on_time
910000000,710000000,rl_pure,B0016,2,0.8667776675129164,True,True,188.3719393188488,68.12473668823561,2,2,0,0,0,0,rl|rl,2-9-12,delivered_on_time
910000000,710000000,rl_pure,B0024,1,0.8988875692115696,True,True,168.97756737900664,21.799534430195706,2,2,0,0,0,0,rl|rl,1-9-12,delivered_on_time
910000000,710000000,rl_pure,B0076,2,0.8699988722932254,True,True,189.4218797921007,42.17081775490229,2,2,0,0,0,0,rl|rl,2-9-12,delivered_on_time
910000000,710000000,rl_pure,B0004,2,0.15659919535511505,True,True,208.41085684456846,51.519875230668845,2,3,1,1,13189356,0,rl|rl|rl,2-9-12,delivered_on_time
910000000,710000000,rl_pure,B0030,2,0.8295347205119564,True,True,225.2099803242088,66.4294161549023,2,2,0,0,0,0,rl|rl,2-9-12,delivered_on_time
910000000,710000000,rl_pure,B0014,1,0.12369199645494916,True,True,179.9965065351325,21.012612830195707,2,2,0,0,0,0,rl|rl,1-9-12,delivered_on_time
910000000,710000000,rl_pure,B0018,1,0.49852539969532617,True,True,262.0419803505133,101.15299363019571,2,2,0,0,0,0,rl|rl,1-9-12,delivered_on_time
910000000,710000000,rl_pure,B0027,0,0.8031621781143155,True,True,221.48579415647038,50.42474427694552,1,1,0,0,0,0,rl,0-12,delivered_on_time
910000000,710000000,rl_pure,B0011,1,0.42638784444307753,True,True,192.8334350767782,16.032307763529047,2,2,0,0,0,0,rl|rl,1-9-12,delivered_on_time
910000000,710000000,rl_pure,B0001,0,0.7618087655025267,True,True,202.43691955647037,20.59210775703835,1,1,0,0,0,0,rl,0-12,delivered_on_time
910000000,710000000,rl_pure,B0012,1,0.4809056416791908,True,True,206.29976307765688,20.15257678944417,2,3,1,1,9682494,0,rl|rl|rl,1-9-12,delivered_on_time
910000000,710000000,rl_pure,B0091,1,0.14338083462465395,True,True,314.0216011003884,121.23304909686243,2,2,0,0,0,0,rl|rl,1-9-12,delivered_on_time
910000000,710000000,rl_pure,B0094,1,0.2916787819217951,True,True,263.02306985505396,55.16582563019571,2,2,0,0,0,0,rl|rl,1-9-12,delivered_on_time
910000000,710000000,rl_pure,B0096,1,0.5949218530204232,True,True,363.6973691606937,123.15539789686235,2,2,0,0,0,0,rl|rl,1-9-12,delivered_on_time
910000000,710000000,rl_pure,B0064,2,0.19183322229052083,True,True,286.42853183042405,42.06054148823563,2,2,0,0,0,0,rl|rl,2-9-12,delivered_on_time
910000000,710000000,rl_pure,B0025,0,0.23837816946736928,True,True,268.5243733048439,22.98036075647036,1,1,0,0,0,0,rl,0-12,delivered_on_time
910000000,710000000,rl_pure,B0046,1,0.8261776112107054,True,True,373.13365351022907,124.29069923019574,2,2,0,0,0,0,rl|rl,1-9-12,delivered_on_time
910000000,710000000,rl_pure,B0099,0,0.3168682298081396,True,True,271.1266116349648,4.74852595647036,1,1,0,0,0,0,rl,0-12,delivered_on_time
910000000,710000000,rl_pure,B0008,1,0.988583989851672,True,True,356.08836143944336,84.74961763019576,2,2,0,0,0,0,rl|rl,1-9-12,delivered_on_time
910000000,710000000,rl_pure,B0056,1,0.11093094298785028,True,True,387.49608417787067,113.74868216352905,2,2,0,0,0,0,rl|rl,1-9-12,delivered_on_time
910000000,710000000,rl_pure,B0073,2,0.6362207456420435,True,True,387.1410483600688,107.78890735490228,2,2,0,0,0,0,rl|rl,2-9-12,delivered_on_time
910000000,710000000,rl_pure,B0097,1,0.6171937900408145,True,True,411.4191658535477,118.09788643019573,2,2,0,0,0,0,rl|rl,1-9-12,delivered_on_time
910000000,710000000,rl_pure,B0053,2,0.6060572785840749,True,True,395.05833613179703,97.64847855490228,2,2,0,0,0,0,rl|rl,2-9-12,delivered_on_time
910000000,710000000,rl_pure,B0040,0,0.6374841725599185,True,True,327.2815621559818,23.355795356470367,1,1,0,0,0,0,rl,0-12,delivered_on_time
910000000,710000000,rl_pure,B0074,1,0.8205064999506386,True,True,384.2631778566298,75.51422883019569,2,2,0,0,0,0,rl|rl,1-9-12,delivered_on_time
910000000,710000000,rl_pure,B0061,1,0.2962094250525832,True,True,419.8824771290003,106.44165709686234,2,2,0,0,0,0,rl|rl,1-9-12,delivered_on_time
910000000,710000000,rl_pure,B0005,2,0.5800036162518872,True,True,452.35061856573355,106.90677615490227,2,2,0,0,0,0,rl|rl,2-9-12,delivered_on_time
910000000,710000000,rl_pure,B0021,2,0.9514028377370961,True,True,485.2612090103692,126.11065242156894,2,2,0,0,0,0,rl|rl,2-9-12,delivered_on_time
910000000,710000000,rl_pure,B0015,0,0.9940153327784051,True,True,368.4439687864493,4.431594356470384,1,1,0,0,0,0,rl,0-12,delivered_on_time
910000000,710000000,rl_pure,B0066,0,0.5068675856269298,True,True,379.3199953751498,4.120140756470391,1,1,0,0,0,0,rl,0-12,delivered_on_time
910000000,710000000,rl_pure,B0069,1,0.3664817568362616,True,True,523.2289928888823,123.75375629686232,2,2,0,0,0,0,rl|rl,1-9-12,delivered_on_time
910000000,710000000,rl_pure,B0026,1,0.25690189194322605,True,True,519.444219290752,110.60698723019573,2,2,0,0,0,0,rl|rl,1-9-12,delivered_on_time
910000000,710000000,rl_pure,B0036,1,0.11195040658887712,True,True,478.38954332837784,57.55601549686236,2,2,0,0,0,0,rl|rl,1-9-12,delivered_on_time
910000000,710000000,rl_pure,B0028,2,0.10850678477552161,True,True,551.855127665041,123.85334148823557,2,2,0,0,0,0,rl|rl,2-9-12,delivered_on_time
910000000,710000000,rl_pure,B0007,2,0.5421778260100008,True,True,502.391236077149,59.97541295490231,2,2,0,0,0,0,rl|rl,2-9-12,delivered_on_time
910000000,710000000,rl_pure,B0060,1,0.7546255651708751,True,True,503.139101599228,42.61776163019573,2,2,0,0,0,0,rl|rl,1-9-12,delivered_on_time
910000000,710000000,rl_pure,B0072,0,0.6426103783034696,True,True,473.2744657151427,7.050244156470399,1,1,0,0,0,0,rl,0-12,delivered_on_time
910000000,710000000,rl_pure,B0000,2,0.7527858883282608,True,True,565.8417528089825,89.29046598743429,2,4,2,2,58680137,0,rl|rl|rl|rl,2-9-12,delivered_on_time
910000000,710000000,rl_pure,B0081,0,0.5690106066053574,True,True,499.5772369948052,21.71835595647036,1,1,0,0,0,0,rl,0-12,delivered_on_time
910000000,710000000,rl_pure,B0047,2,0.8089408532474548,True,True,593.2090175482363,111.8921606882356,2,2,0,0,0,0,rl|rl,2-9-12,delivered_on_time
910000000,710000000,rl_pure,B0037,0,0.20410644039069095,True,True,511.4126978863364,5.089942556470362,1,1,0,0,0,0,rl,0-12,delivered_on_time
910000000,710000000,rl_pure,B0035,0,0.4585334325531223,True,True,528.0461162028313,19.969596756470366,1,1,0,0,0,0,rl,0-12,delivered_on_time
910000000,710000000,rl_pure,B0054,0,0.1175464178961476,True,True,519.6272566660103,7.221065356470376,1,1,0,0,0,0,rl,0-12,delivered_on_time
910000000,710000000,rl_pure,B0063,2,0.10475252019802649,True,True,545.7194982631835,33.04938948823565,2,2,0,0,0,0,rl|rl,2-9-12,delivered_on_time
910000000,710000000,rl_pure,B0044,2,0.9955428848024412,True,True,604.4430716300051,86.25806575490242,2,2,0,0,0,0,rl|rl,2-9-12,delivered_on_time
910000000,710000000,rl_pure,B0089,2,0.8932631675758038,True,True,566.7075928087722,40.14182148823568,2,2,0,0,0,0,rl|rl,2-9-12,delivered_on_time
910000000,710000000,rl_pure,B0084,2,0.8504626696158631,True,True,564.7774215798844,23.059747556170578,2,3,1,1,6253306,0,rl|rl|rl,2-9-12,delivered_on_time
910000000,710000000,rl_pure,B0020,1,0.7569067711949438,True,True,585.5722684462706,33.7297680301956,2,2,0,0,0,0,rl|rl,1-9-12,delivered_on_time
910000000,710000000,rl_pure,B0032,2,0.5835276926427068,True,True,591.2045613600202,32.887116421568976,2,2,0,0,0,0,rl|rl,2-9-12,delivered_on_time
910000000,710000000,rl_pure,B0077,0,0.2503785075324589,True,True,582.5626091978102,16.625845156470405,1,1,0,0,0,0,rl,0-12,delivered_on_time
910000000,710000000,rl_pure,B0006,2,0.15419746892796046,True,True,665.6028602235358,66.88890628823572,2,2,0,0,0,0,rl|rl,2-9-12,delivered_on_time
910000000,710000000,rl_pure,B0059,0,0.815286540994832,True,True,610.8723801217313,10.585576556470414,1,1,0,0,0,0,rl,0-12,delivered_on_time
910000000,710000000,rl_pure,B0071,1,0.31290593266239536,True,True,677.3845569140327,71.0643226968624,2,2,0,0,0,0,rl|rl,1-9-12,delivered_on_time
910000000,710000000,rl_pure,B0017,2,0.9607882255511186,True,True,695.3140966709684,88.67865348823568,2,2,0,0,0,0,rl|rl,2-9-12,delivered_on_time
910000000,710000000,rl_pure,B0078,1,0.6788282221836142,True,True,667.1914655538525,52.11508856352896,2,2,0,0,0,0,rl|rl,1-9-12,delivered_on_time
910000000,710000000,rl_pure,B0009,1,0.18961466383173833,True,True,683.6419050138289,65.81892963019573,2,2,0,0,0,0,rl|rl,1-9-12,delivered_on_time
910000000,710000000,rl_pure,B0010,1,0.42981248039145037,True,True,751.107326029944,121.79799843019566,2,2,0,0,0,0,rl|rl,1-9-12,delivered_on_time
910000000,710000000,rl_pure,B0055,1,0.5958217840589656,True,True,736.763495037177,107.36333069686236,2,2,0,0,0,0,rl|rl,1-9-12,delivered_on_time
910000000,710000000,rl_pure,B0052,2,0.28178377941545174,True,True,666.544140214856,30.90964228823566,2,2,0,0,0,0,rl|rl,2-9-12,delivered_on_time
910000000,710000000,rl_pure,B0087,0,0.16801625127603365,True,True,646.1190815717014,8.997760356470394,1,1,0,0,0,0,rl,0-12,delivered_on_time
910000000,710000000,rl_pure,B0038,0,0.6514202452051495,True,True,668.1703332436421,19.125079556470382,1,1,0,0,0,0,rl,0-12,delivered_on_time
910000000,710000000,rl_pure,B0042,0,0.35115552089958924,True,True,670.0117200868438,16.790676183483697,1,2,1,1,30201081,0,rl|rl,0-12,delivered_on_time
910000000,710000000,rl_pure,B0041,0,0.22530648001932518,True,True,787.191505515507,122.85404119174666,2,2,0,0,0,0,rl|rl,0-9-12,delivered_on_time
910000000,710000000,rl_pure,B0019,1,0.9333559072826239,True,True,780.4234119280006,89.47677389686237,2,2,0,0,0,0,rl|rl,1-9-12,delivered_on_time
910000000,710000000,rl_pure,B0039,0,0.2546626481863488,True,True,736.1977321984489,36.942986258413384,2,2,0,0,0,0,rl|rl,0-9-12,delivered_on_time
910000000,710000000,rl_pure,B0013,1,0.7547952627983595,True,True,776.001670279189,59.28275576352905,2,2,0,0,0,0,rl|rl,1-9-12,delivered_on_time
910000000,710000000,rl_pure,B0085,0,0.27367076486161424,True,True,798.0050931481139,80.86609665841331,2,2,0,0,0,0,rl|rl,0-9-12,delivered_on_time
910000000,710000000,rl_pure,B0023,1,0.37075404603822104,True,True,848.4028591627003,126.53495949686226,2,2,0,0,0,0,rl|rl,1-9-12,delivered_on_time
910000000,710000000,rl_pure,B0031,1,0.2776558266982295,True,True,770.0059833083204,47.90776909686235,2,2,0,0,0,0,rl|rl,1-9-12,delivered_on_time
910000000,710000000,rl_pure,B0068,1,0.285641711123241,True,True,767.5520185081286,44.6961456301957,2,2,0,0,0,0,rl|rl,1-9-12,delivered_on_time
910000000,710000000,rl_pure,B0092,2,0.14191182308362138,True,True,827.6496087028343,94.53771588823565,2,2,0,0,0,0,rl|rl,2-9-12,delivered_on_time
910000000,710000000,rl_pure,B0095,2,0.5477128866552389,True,True,767.6137126520382,25.736406178979337,2,3,1,1,12334214,0,rl|rl|rl,2-9-12,delivered_on_time
910000000,710000000,rl_pure,B0079,0,0.22255270674054278,True,True,788.910442659399,43.0135707917467,2,2,0,0,0,0,rl|rl,0-9-12,delivered_on_time
910000000,710000000,rl_pure,B0057,0,0.4589860268902919,True,True,787.2384787613055,24.887663591746673,2,2,0,0,0,0,rl|rl,0-9-12,delivered_on_time
910000000,710000000,rl_pure,B0051,0,0.9986247288470933,True,True,901.836065482405,118.40613603644601,2,3,1,1,31046800,0,rl|rl|rl,0-9-12,delivered_on_time
910000000,710000000,rl_pure,B0062,2,0.9517196604016409,True,True,830.2619994927476,37.36365374451918,3,4,1,1,21670854,0,rl|rl|rl|rl,2-9-7-12,delivered_on_time
910000000,710000000,rl_pure,B0090,1,0.6484018907229743,True,True,872.299389620939,67.95434484117845,3,3,0,0,0,0,rl|rl|rl,1-9-7-12,delivered_on_time
910000000,710000000,rl_pure,B0022,2,0.6423473743038504,True,True,942.999600779125,129.32186409921837,3,3,0,0,0,0,rl|rl|rl,2-9-7-12,delivered_on_time
910000000,710000000,rl_pure,B0065,2,0.40516841851704155,True,True,908.0698837056494,89.86853526588504,3,3,0,0,0,0,rl|rl|rl,2-9-7-12,delivered_on_time
910000000,710000000,rl_pure,B0050,0,0.6444014642812675,True,True,959.8194368967135,138.3769722360629,3,3,0,0,0,0,rl|rl|rl,0-9-7-12,delivered_on_time
910000000,710000000,rl_pure,B0049,0,0.6881539006361468,True,True,1042.1547822998505,203.96357378800246,3,4,1,1,101173941,0,rl|rl|rl|rl,0-9-7-12,delivered_on_time
910000000,710000000,rl_pure,B0048,2,0.990300128689138,True,True,964.0257274091605,125.06793843255184,3,3,0,0,0,0,rl|rl|rl,2-9-7-12,delivered_on_time
910000000,710000000,rl_pure,B0034,2,0.9539165505800509,True,True,904.9740982175957,62.83972576588519,3,3,0,0,0,0,rl|rl|rl,2-9-7-12,delivered_on_time
910000000,710000000,rl_pure,B0086,2,0.2940917148200175,True,True,878.8391056946476,31.912807599218354,3,3,0,0,0,0,rl|rl|rl,2-9-7-12,delivered_on_time
910000000,710000000,rl_pure,B0003,2,0.6810342550492756,True,True,983.9190418748507,129.08004559921835,3,3,0,0,0,0,rl|rl|rl,2-9-7-12,delivered_on_time
910000000,710000000,rl_pure,B0029,1,0.1883856442431594,True,True,940.1770326509254,80.85390128902407,3,4,1,1,41613007,0,rl|rl|rl|rl,1-9-7-12,delivered_on_time
910000000,710000000,rl_pure,B0088,0,0.3252136922697543,True,True,992.1557065783732,125.15584823606275,3,3,0,0,0,0,rl|rl|rl,0-9-7-12,delivered_on_time
910000000,710000000,rl_pure,B0083,1,0.7646971807594524,True,True,973.0629192030765,98.14424700784514,3,3,0,0,0,0,rl|rl|rl,1-9-7-12,delivered_on_time
910000000,710000000,rl_pure,B0093,1,0.24991703023136128,True,True,952.8267381520662,70.44087084117837,3,3,0,0,0,0,rl|rl|rl,1-9-7-12,delivered_on_time
910000000,710000000,rl_pure,B0070,0,0.18031069695620797,True,True,996.2623430417283,110.50604640272957,3,3,0,0,0,0,rl|rl|rl,0-9-7-12,delivered_on_time
910000001,710000001,temporal,B0021,0,0.9908703051304139,True,True,73.21642969878646,67.6154305209211,3,3,0,0,0,0,temporal|temporal|temporal,0-3-9-12,delivered_on_time
910000001,710000001,temporal,B0061,1,0.7543469688361771,True,True,89.88355493709852,72.64877154497186,3,4,1,1,33413155,0,temporal|temporal|temporal|temporal,1-7-9-12,delivered_on_time
910000001,710000001,temporal,B0038,1,0.1507158728773926,True,True,39.93782075181404,12.38130051722526,3,3,0,0,0,0,temporal|temporal|temporal,1-7-9-12,delivered_on_time
910000001,710000001,temporal,B0078,0,0.9389418601635557,True,True,50.383527996342785,14.801758200921093,3,3,0,0,0,0,temporal|temporal|temporal,0-3-9-12,delivered_on_time
910000001,710000001,temporal,B0062,2,0.263559445934111,True,True,98.35444052743051,53.33417479880174,3,3,0,0,0,0,temporal|temporal|temporal,2-8-10-13,delivered_on_time
910000001,710000001,temporal,B0072,1,0.8509894541936628,True,True,159.2581663039461,113.82310563722527,3,3,0,0,0,0,temporal|temporal|temporal,1-7-9-12,delivered_on_time
910000001,710000001,temporal,B0076,2,0.1173393328300644,True,True,137.6623256380455,92.02334503880178,3,3,0,0,0,0,temporal|temporal|temporal,2-8-10-13,delivered_on_time
910000001,710000001,temporal,B0097,2,0.5115862315174938,True,True,162.05571635866426,107.18126421560719,3,4,1,1,39987421,0,temporal|temporal|temporal|temporal,2-8-10-13,delivered_on_time
910000001,710000001,temporal,B0058,2,0.5801350037187666,True,True,89.24601101219442,25.220425038801736,3,3,0,0,0,0,temporal|temporal|temporal,2-8-10-13,delivered_on_time
910000001,710000001,temporal,B0002,0,0.6326993118896762,True,True,133.02078685586858,61.9213306809211,3,3,0,0,0,0,temporal|temporal|temporal,0-3-9-12,delivered_on_time
910000001,710000001,temporal,B0079,1,0.9882828216837013,True,True,146.13624776172878,72.45561795722526,3,3,0,0,0,0,temporal|temporal|temporal,1-7-9-12,delivered_on_time
910000001,710000001,temporal,B0019,1,0.9431418282423493,True,True,155.7891225317609,81.57006514354751,3,4,1,1,48749746,0,temporal|temporal|temporal|temporal,1-7-9-12,delivered_on_time
910000001,710000001,temporal,B0054,2,0.8332670257172039,True,True,107.12589170739034,27.902859918801752,3,3,0,0,0,0,temporal|temporal|temporal,2-8-10-13,delivered_on_time
910000001,710000001,temporal,B0044,1,0.5580760706833449,True,True,158.14030934957017,76.16714325819437,3,4,1,1,27514662,0,temporal|temporal|temporal|temporal,1-7-9-12,delivered_on_time
910000001,710000001,temporal,B0069,1,0.45006004055895965,True,True,102.88649584711742,16.545408037225272,3,3,0,0,0,0,temporal|temporal|temporal,1-7-9-12,delivered_on_time
910000001,710000001,temporal,B0011,0,0.7666130699831426,True,True,161.47525854204827,60.01594476092107,3,3,0,0,0,0,temporal|temporal|temporal,0-3-9-12,delivered_on_time
910000001,710000001,temporal,B0020,1,0.3859021073522756,True,True,138.29494103186832,34.735608037225276,3,3,0,0,0,0,temporal|temporal|temporal,1-7-9-12,delivered_on_time
910000001,710000001,temporal,B0024,0,0.9021386049365755,True,True,145.75043477923327,28.049128440921052,3,3,0,0,0,0,temporal|temporal|temporal,0-3-9-12,delivered_on_time
910000001,710000001,temporal,B0068,2,0.6944012727445649,True,True,197.12543458937316,73.18725223880172,3,3,0,0,0,0,temporal|temporal|temporal,2-8-10-13,delivered_on_time
910000001,710000001,temporal,B0082,2,0.5329126662412822,True,True,236.31161228486363,112.12808551880175,3,3,0,0,0,0,temporal|temporal|temporal,2-8-10-13,delivered_on_time
910000001,710000001,temporal,B0018,2,0.6687259238540078,True,True,170.14228021302844,33.736227918801745,3,3,0,0,0,0,temporal|temporal|temporal,2-8-10-13,delivered_on_time
910000001,710000001,temporal,B0048,1,0.9858398475982477,True,True,263.5950097933116,120.46080442382043,3,4,1,1,65502933,0,temporal|temporal|temporal|temporal,1-7-9-12,delivered_on_time
910000001,710000001,temporal,B0003,0,0.28470041061540113,True,True,216.24195155647038,60.88073880563283,1,1,0,0,0,0,temporal,0-12,delivered_on_time
910000001,710000001,temporal,B0091,2,0.7675137678851518,True,True,216.30859804499536,59.20947079880176,3,3,0,0,0,0,temporal|temporal|temporal,2-8-10-13,delivered_on_time
910000001,710000001,temporal,B0029,1,0.42752891850931396,True,True,249.2493950363391,68.79151809710612,3,4,1,1,26759804,0,temporal|temporal|temporal|temporal,1-7-9-12,delivered_on_time
910000001,710000001,temporal,B0050,1,0.6070007441142,True,True,285.62035822037035,95.67597699722523,3,3,0,0,0,0,temporal|temporal|temporal,1-7-9-12,delivered_on_time
910000001,710000001,temporal,B0071,2,0.27528526992847746,True,True,239.26408862935747,48.70240896444972,3,4,1,1,22864635,0,temporal|temporal|temporal|temporal,2-8-10-13,delivered_on_time
910000001,710000001,temporal,B0022,0,0.4423012264915842,True,True,203.54650495647036,11.48912060177247,1,1,0,0,0,0,temporal,0-12,delivered_on_time
910000001,710000001,temporal,B0009,0,0.18048883580413644,True,True,205.08615935647038,11.246283664020325,1,1,0,0,0,0,temporal,0-12,delivered_on_time
910000001,710000001,temporal,B0090,1,0.6935789751178493,True,True,240.19512154294517,33.90666051722525,3,3,0,0,0,0,temporal|temporal|temporal,1-7-9-12,delivered_on_time
910000001,710000001,temporal,B0031,0,0.25934419869460223,True,True,230.12387491373192,5.2099265564703785,1,1,0,0,0,0,temporal,0-12,delivered_on_time
910000001,710000001,temporal,B0084,2,0.8402104853546325,True,True,291.7601125548063,63.530726927798014,3,4,1,1,44714061,0,temporal|temporal|temporal|temporal,2-8-10-13,delivered_on_time
910000001,710000001,temporal,B0087,0,0.9118556699910745,True,True,251.53859854462834,13.685812156470377,1,1,0,0,0,0,temporal,0-12,delivered_on_time
910000001,710000001,temporal,B0099,0,0.6855411274869082,True,True,254.28329401149645,6.252036556470358,1,1,0,0,0,0,temporal,0-12,delivered_on_time
910000001,710000001,temporal,B0034,1,0.8504775827572066,True,True,314.5212792365608,64.99192611722532,3,3,0,0,0,0,temporal|temporal|temporal,1-7-9-12,delivered_on_time
910000001,710000001,temporal,B0052,0,0.5458223510553343,True,True,282.2810087141288,22.997339756470353,1,1,0,0,0,0,temporal,0-12,delivered_on_time
910000001,710000001,temporal,B0016,1,0.943008269055722,True,True,401.73492855536034,112.38338307722529,3,3,0,0,0,0,temporal|temporal|temporal,1-7-9-12,delivered_on_time
910000001,710000001,temporal,B0033,1,0.1450511441607707,True,True,403.2246002177745,93.09338019722526,3,3,0,0,0,0,temporal|temporal|temporal,1-7-9-12,delivered_on_time
910000001,710000001,temporal,B0053,0,0.31217918362566466,True,True,338.5645224121205,19.737537556470386,1,1,0,0,0,0,temporal,0-12,delivered_on_time
910000001,710000001,temporal,B0095,0,0.46454607604592035,True,True,345.35338528651897,17.117473556470372,1,1,0,0,0,0,temporal,0-12,delivered_on_time
910000001,710000001,temporal,B0065,0,0.6579789918216628,True,True,341.2732249825985,6.288311556470376,1,1,0,0,0,0,temporal,0-12,delivered_on_time
910000001,710000001,temporal,B0057,2,0.6527153945687484,True,True,389.3147724692339,12.384402089587013,2,2,0,0,0,0,temporal|temporal,2-8-13,delivered_on_time
910000001,710000001,temporal,B0083,0,0.2188861539867824,True,True,395.6595599836238,10.029100356470394,1,1,0,0,0,0,temporal,0-12,delivered_on_time
910000001,710000001,temporal,B0007,1,0.1748691137624604,True,True,434.5533456755115,47.17074147722525,3,3,0,0,0,0,temporal|temporal|temporal,1-7-9-12,delivered_on_time
910000001,710000001,temporal,B0081,2,0.1141485065359612,True,True,423.7867216201673,21.724327223363616,2,2,0,0,0,0,temporal|temporal,2-8-13,delivered_on_time
910000001,710000001,temporal,B0027,0,0.1073298886127543,True,True,428.1119585408356,9.421443756470353,1,1,0,0,0,0,temporal,0-12,delivered_on_time
910000001,710000001,temporal,B0096,0,0.41200863447158664,True,True,438.7603893801175,18.75493395647038,1,1,0,0,0,0,temporal,0-12,delivered_on_time
910000001,710000001,temporal,B0074,2,0.3865357172670729,True,True,443.21043706281483,5.955150423363648,2,2,0,0,0,0,temporal|temporal,2-8-13,delivered_on_time
910000001,710000001,temporal,B0026,0,0.14112262308609327,True,True,467.648845738761,17.384713956470364,1,1,0,0,0,0,temporal,0-12,delivered_on_time
910000001,710000001,temporal,B0013,2,0.2774015939310319,True,True,485.6186299212834,15.750144463363654,2,2,0,0,0,0,temporal|temporal,2-8-13,delivered_on_time
910000001,710000001,temporal,B0077,1,0.6589602339209018,True,True,513.8689962560541,38.84355939722525,3,3,0,0,0,0,temporal|temporal|temporal,1-7-9-12,delivered_on_time
910000001,710000001,temporal,B0059,2,0.9484015937920109,True,True,519.4337301811192,41.820255413516975,2,3,1,1,106185156,0,temporal|temporal|temporal,2-8-13,delivered_on_time
910000001,710000001,temporal,B0080,0,0.21719415784666365,True,True,503.521531031984,14.403988956470357,1,1,0,0,0,0,temporal,0-12,delivered_on_time
910000001,710000001,temporal,B0063,2,0.9451899759725002,True,True,497.4721157750317,7.917387583363563,2,2,0,0,0,0,temporal|temporal,2-8-13,delivered_on_time
910000001,710000001,temporal,B0001,0,0.9147012971950664,True,True,508.9757233488686,18.303339756470393,1,1,0,0,0,0,temporal,0-12,delivered_on_time
910000001,710000001,temporal,B0008,1,0.4697292899944443,True,True,564.0748176701071,72.25916259722533,3,3,0,0,0,0,temporal|temporal|temporal,1-7-9-12,delivered_on_time
910000001,710000001,temporal,B0075,0,0.34469393096844814,True,True,499.0979718146199,3.0894565564703953,1,1,0,0,0,0,temporal,0-12,delivered_on_time
910000001,710000001,temporal,B0047,2,0.5002590699831677,True,True,508.1850493017636,5.909042023363611,2,2,0,0,0,0,temporal|temporal,2-8-13,delivered_on_time
910000001,710000001,temporal,B0070,2,0.24781552023449543,True,True,550.2136614622858,21.443785663363656,2,2,0,0,0,0,temporal|temporal,2-8-13,delivered_on_time
910000001,710000001,temporal,B0014,1,0.10149488261622658,True,True,569.1606525833292,35.88977883668417,2,2,0,0,0,0,temporal|temporal,1-7-12,delivered_on_time
910000001,710000001,temporal,B0089,0,0.308193251048091,True,True,559.9592420501958,17.789978642354072,1,2,1,1,25546327,0,temporal|temporal,0-12,delivered_on_time
910000001,710000001,temporal,B0043,0,0.19031085230638578,True,True,574.3761719181372,23.43721735647034,1,1,0,0,0,0,temporal,0-12,delivered_on_time
910000001,710000001,temporal,B0088,1,0.15497697128697543,True,True,575.5504951676629,17.95773740807465,2,2,0,0,0,0,temporal|temporal,1-7-12,delivered_on_time
910000001,710000001,temporal,B0073,1,0.9660355987126057,True,True,588.8317184694966,27.773362708074615,2,2,0,0,0,0,temporal|temporal,1-7-12,delivered_on_time
910000001,710000001,temporal,B0030,0,0.5867899329771127,True,True,617.307317874105,19.7052685564704,1,1,0,0,0,0,temporal,0-12,delivered_on_time
910000001,710000001,temporal,B0092,0,0.838637538561956,True,True,632.8052279947489,7.407699156470358,1,1,0,0,0,0,temporal,0-12,delivered_on_time
910000001,710000001,temporal,B0085,0,0.6854067793736958,True,True,632.3553427291305,3.5638929564703403,1,1,0,0,0,0,temporal,0-12,delivered_on_time
910000001,710000001,temporal,B0056,1,0.454904755182045,True,True,649.0858865364077,5.3388879751836384,2,3,1,1,11095084,0,temporal|temporal|temporal,1-7-12,delivered_on_time
910000001,710000001,temporal,B0039,0,0.5212439786568365,True,True,654.6763192181922,10.716255356470356,1,1,0,0,0,0,temporal,0-12,delivered_on_time
910000001,710000001,temporal,B0037,0,0.5219263937162911,True,True,666.3919648110807,18.942649956470405,1,1,0,0,0,0,temporal,0-12,delivered_on_time
910000001,710000001,temporal,B0015,0,0.5520603613915692,True,True,673.6794745610088,7.158524156470321,1,1,0,0,0,0,temporal,0-12,delivered_on_time
910000001,710000001,temporal,B0005,2,0.42793204869147017,True,True,694.8132515038571,13.475291598801846,3,3,0,0,0,0,temporal|temporal|temporal,2-8-10-13,delivered_on_time
910000001,710000001,temporal,B0093,1,0.22904397792586928,True,True,701.508325857968,4.620215300613836,2,3,1,1,3962617,0,temporal|temporal|temporal,1-7-12,delivered_on_time
910000001,710000001,temporal,B0025,0,0.519326239445701,True,True,711.4098122572215,13.441001232921735,2,2,0,0,0,0,temporal|temporal,0-7-12,delivered_on_time
910000001,710000001,temporal,B0010,2,0.22267439707974046,True,True,759.4035058387569,58.15612519880165,3,3,0,0,0,0,temporal|temporal|temporal,2-8-10-13,delivered_on_time
910000001,710000001,temporal,B0012,2,0.4375673695401957,True,True,791.5886617311147,76.90009351880178,3,3,0,0,0,0,temporal|temporal|temporal,2-8-10-13,delivered_on_time
910000001,710000001,temporal,B0045,2,0.8956117214029462,True,True,761.8284513719917,46.48934887880171,3,3,0,0,0,0,temporal|temporal|temporal,2-8-10-13,delivered_on_time
910000001,710000001,temporal,B0006,1,0.12435163461739557,True,True,834.9843677973419,109.56531149686236,2,2,0,0,0,0,temporal|temporal,1-9-12,delivered_on_time
910000001,710000001,temporal,B0028,2,0.6426950290612786,True,True,812.0532206763576,79.85718535880176,3,3,0,0,0,0,temporal|temporal|temporal,2-8-10-13,delivered_on_time
910000001,710000001,temporal,B0066,1,0.5034336303110226,True,True,823.9801563179002,82.13120056352898,2,2,0,0,0,0,temporal|temporal,1-9-12,delivered_on_time
910000001,710000001,temporal,B0035,1,0.22635075644809516,True,True,771.790450159128,25.85783508110569,2,3,1,1,14775027,0,temporal|temporal|temporal,1-9-12,delivered_on_time
910000001,710000001,temporal,B0036,1,0.2912368822110424,True,True,801.8251428330454,49.20897443019567,2,2,0,0,0,0,temporal|temporal,1-9-12,delivered_on_time
910000001,710000001,temporal,B0098,0,0.7944024874393768,True,True,774.4380908550156,21.725770972921737,2,2,0,0,0,0,temporal|temporal,0-7-12,delivered_on_time
910000001,710000001,temporal,B0040,2,0.7850620867086541,True,True,785.360761726018,31.12928839880169,3,3,0,0,0,0,temporal|temporal|temporal,2-8-10-13,delivered_on_time
910000001,710000001,temporal,B0046,2,0.3035717605875774,True,True,830.6353404970158,47.44835143880164,3,3,0,0,0,0,temporal|temporal|temporal,2-8-10-13,delivered_on_time
910000001,710000001,temporal,B0060,2,0.7815210845413003,True,True,819.1061949219886,29.157937998801685,3,3,0,0,0,0,temporal|temporal|temporal,2-8-10-13,delivered_on_time
910000001,710000001,temporal,B0000,2,0.29529403948447813,True,True,890.5735447830729,95.67521767880157,3,3,0,0,0,0,temporal|temporal|temporal,2-8-10-13,delivered_on_time
910000001,710000001,temporal,B0017,1,0.5581005824469064,True,True,842.4889838160242,36.427587763529004,2,2,0,0,0,0,temporal|temporal,1-9-12,delivered_on_time
910000001,710000001,temporal,B0067,1,0.21744581122232087,True,True,837.9190508452176,22.44017125124492,2,3,1,1,14235246,0,temporal|temporal|temporal,1-9-12,delivered_on_time
910000001,710000001,temporal,B0049,0,0.941581271305236,True,True,834.9429377369181,17.388285352921685,2,2,0,0,0,0,temporal|temporal,0-7-12,delivered_on_time
910000001,710000001,temporal,B0051,0,0.5560388066683862,True,True,847.3578459924177,28.62685061292177,2,2,0,0,0,0,temporal|temporal,0-7-12,delivered_on_time
910000001,710000001,temporal,B0023,0,0.9217683094503131,True,True,831.7883468414341,12.50103831292165,2,2,0,0,0,0,temporal|temporal,0-7-12,delivered_on_time
910000001,710000001,temporal,B0042,1,0.8104699282304582,True,True,866.2379860465187,28.109940830195683,2,2,0,0,0,0,temporal|temporal,1-9-12,delivered_on_time
910000001,710000001,temporal,B0032,2,0.6874503263112978,True,True,912.2404825833515,60.82362823880169,3,3,0,0,0,0,temporal|temporal|temporal,2-8-10-13,delivered_on_time
910000001,710000001,temporal,B0086,0,0.8551256565274119,True,True,883.150919663736,27.78587307292173,2,2,0,0,0,0,temporal|temporal,0-7-12,delivered_on_time
910000001,710000001,temporal,B0055,0,0.4498364679507423,True,True,881.7815842878701,21.265227512921683,2,2,0,0,0,0,temporal|temporal,0-7-12,delivered_on_time
910000001,710000001,temporal,B0094,0,0.994407044791184,True,True,878.4599447553054,5.136075772921799,2,2,0,0,0,0,temporal|temporal,0-7-12,delivered_on_time
910000001,710000001,temporal,B0004,2,0.3721540488747993,True,True,998.1446325680879,121.99619980469902,3,4,1,1,29319035,0,temporal|temporal|temporal|temporal,2-4-10-13,delivered_on_time
910000001,710000001,temporal,B0041,0,0.1445252610900894,True,True,904.7229148350134,24.625057752921748,2,2,0,0,0,0,temporal|temporal,0-7-12,delivered_on_time
910000001,710000001,temporal,B0064,0,0.8487549151434918,True,True,926.9581563169329,30.946058932921687,2,2,0,0,0,0,temporal|temporal,0-7-12,delivered_on_time
910000001,710000001,rl_pure,B0021,0,0.9908703051304139,True,True,219.6796281819038,214.07862900403845,1,2,1,1,40727986,0,rl|rl,0-12,delivered_on_time
910000001,710000001,rl_pure,B0061,1,0.7543469688361771,True,True,96.42439983673563,79.18961644460897,2,3,1,1,33413155,0,rl|rl|rl,1-9-12,delivered_on_time
910000001,710000001,rl_pure,B0038,1,0.1507158728773926,True,True,41.2673090647845,13.710788830195721,2,2,0,0,0,0,rl|rl,1-9-12,delivered_on_time
910000001,710000001,rl_pure,B0078,0,0.9389418601635557,True,True,200.53118275647037,164.94941296104867,1,1,0,0,0,0,rl,0-12,delivered_on_time
910000001,710000001,rl_pure,B0062,2,0.263559445934111,True,True,104.24725521686439,59.22698948823562,2,2,0,0,0,0,rl|rl,2-9-12,delivered_on_time
910000001,710000001,rl_pure,B0072,1,0.8509894541936628,True,True,171.85896629691655,126.42390563019572,2,2,0,0,0,0,rl|rl,1-9-12,delivered_on_time
910000001,710000001,rl_pure,B0076,2,0.1173393328300644,True,True,199.87316170140994,154.23418110216622,2,4,2,2,130048063,0,rl|rl|rl|rl,2-9-12,delivered_on_time
910000001,710000001,rl_pure,B0097,2,0.5115862315174938,True,True,156.15935416462602,101.28490202156895,2,2,0,0,0,0,rl|rl,2-9-12,delivered_on_time
910000001,710000001,rl_pure,B0058,2,0.5801350037187666,True,True,92.01507572829496,27.98948975490228,2,2,0,0,0,0,rl|rl,2-9-12,delivered_on_time
910000001,710000001,rl_pure,B0002,0,0.6326993118896762,True,True,210.34776035647036,139.24830418152288,1,1,0,0,0,0,rl,0-12,delivered_on_time
910000001,710000001,rl_pure,B0079,1,0.9882828216837013,True,True,154.14066023469923,80.4600304301957,2,2,0,0,0,0,rl|rl,1-9-12,delivered_on_time
910000001,710000001,rl_pure,B0019,1,0.9431418282423493,True,True,143.13969795174245,68.92064056352905,2,2,0,0,0,0,rl|rl,1-9-12,delivered_on_time
910000001,710000001,rl_pure,B0054,2,0.8332670257172039,True,True,117.32114338146688,38.0981115928783,2,3,1,1,17820347,0,rl|rl|rl,2-9-12,delivered_on_time
910000001,710000001,rl_pure,B0044,1,0.5580760706833449,True,True,165.3342396892073,83.36107359783149,2,3,1,1,27514662,0,rl|rl|rl,1-9-12,delivered_on_time
910000001,710000001,rl_pure,B0069,1,0.45006004055895965,True,True,104.6786627734212,18.33757496352905,2,2,0,0,0,0,rl|rl,1-9-12,delivered_on_time
910000001,710000001,rl_pure,B0011,0,0.7666130699831426,True,True,209.95080495647036,108.49149117534317,1,1,0,0,0,0,rl,0-12,delivered_on_time
910000001,710000001,rl_pure,B0020,1,0.3859021073522756,True,True,142.1082412915054,38.548908296862365,2,2,0,0,0,0,rl|rl,1-9-12,delivered_on_time
910000001,710000001,rl_pure,B0024,0,0.9021386049365755,True,True,203.29105155647036,85.58974521815814,1,1,0,0,0,0,rl,0-12,delivered_on_time
910000001,710000001,rl_pure,B0068,2,0.6944012727445649,True,True,205.2241467721404,81.28596442156895,2,2,0,0,0,0,rl|rl,2-9-12,delivered_on_time
910000001,710000001,rl_pure,B0082,2,0.5329126662412822,True,True,248.73708372096416,124.55355695490229,2,2,0,0,0,0,rl|rl,2-9-12,delivered_on_time
910000001,710000001,rl_pure,B0018,2,0.6687259238540078,True,True,173.85754524912898,37.45149295490228,2,2,0,0,0,0,rl|rl,2-9-12,delivered_on_time
910000001,710000001,rl_pure,B0048,1,0.9858398475982477,True,True,274.02209042628203,130.88788505679088,2,3,1,1,65502933,0,rl|rl|rl,1-9-12,delivered_on_time
910000001,710000001,rl_pure,B0003,0,0.28470041061540113,True,True,216.24195155647038,60.88073880563283,1,1,0,0,0,0,rl,0-12,delivered_on_time
910000001,710000001,rl_pure,B0091,2,0.7675137678851518,True,True,222.85422340109588,65.75509615490228,2,2,0,0,0,0,rl|rl,2-9-12,delivered_on_time
910000001,710000001,rl_pure,B0029,1,0.42752891850931396,True,True,255.65736068264292,75.19948374340993,2,3,1,1,26759804,0,rl|rl|rl,1-9-12,delivered_on_time
910000001,710000001,rl_pure,B0050,1,0.6070007441142,True,True,296.20481058667417,106.26042936352906,2,2,0,0,0,0,rl|rl,1-9-12,delivered_on_time
910000001,710000001,rl_pure,B0071,2,0.27528526992847746,True,True,234.48020301981003,43.91852335490228,2,2,0,0,0,0,rl|rl,2-9-12,delivered_on_time
910000001,710000001,rl_pure,B0022,0,0.4423012264915842,True,True,203.54650495647036,11.48912060177247,1,1,0,0,0,0,rl,0-12,delivered_on_time
910000001,710000001,rl_pure,B0009,0,0.18048883580413644,True,True,205.08615935647038,11.246283664020325,1,1,0,0,0,0,rl,0-12,delivered_on_time
910000001,710000001,rl_pure,B0090,1,0.6935789751178493,True,True,243.91631652258232,37.627855496862395,2,2,0,0,0,0,rl|rl,1-9-12,delivered_on_time
910000001,710000001,rl_pure,B0031,0,0.25934419869460223,True,True,230.12387491373192,5.2099265564703785,1,1,0,0,0,0,rl,0-12,delivered_on_time
910000001,710000001,rl_pure,B0084,2,0.8402104853546325,True,True,300.4756787604434,72.24629313343507,2,3,1,1,24097420,0,rl|rl|rl,2-9-12,delivered_on_time
910000001,710000001,rl_pure,B0087,0,0.9118556699910745,True,True,251.53859854462834,13.685812156470377,1,1,0,0,0,0,rl,0-12,delivered_on_time
910000001,710000001,rl_pure,B0099,0,0.6855411274869082,True,True,254.28329401149645,6.252036556470358,1,1,0,0,0,0,rl,0-12,delivered_on_time
910000001,710000001,rl_pure,B0034,1,0.8504775827572066,True,True,321.6963926161979,72.1670394968624,2,2,0,0,0,0,rl|rl,1-9-12,delivered_on_time
910000001,710000001,rl_pure,B0052,0,0.5458223510553343,True,True,282.2810087141288,22.997339756470353,1,1,0,0,0,0,rl,0-12,delivered_on_time
910000001,710000001,rl_pure,B0016,1,0.943008269055722,True,True,414.1757593749974,124.82421389686237,2,2,0,0,0,0,rl|rl,1-9-12,delivered_on_time
910000001,710000001,rl_pure,B0033,1,0.1450511441607707,True,True,413.5220973840783,103.39087736352906,2,2,0,0,0,0,rl|rl,1-9-12,delivered_on_time
910000001,710000001,rl_pure,B0053,0,0.31217918362566466,True,True,338.5645224121205,19.737537556470386,1,1,0,0,0,0,rl,0-12,delivered_on_time
910000001,710000001,rl_pure,B0095,0,0.46454607604592035,True,True,345.35338528651897,17.117473556470372,1,1,0,0,0,0,rl,0-12,delivered_on_time
910000001,710000001,rl_pure,B0065,0,0.6579789918216628,True,True,341.2732249825985,6.288311556470376,1,1,0,0,0,0,rl,0-12,delivered_on_time
910000001,710000001,rl_pure,B0057,2,0.6527153945687484,True,True,396.4760009345492,19.54563055490229,2,2,0,0,0,0,rl|rl,2-9-12,delivered_on_time
910000001,710000001,rl_pure,B0083,0,0.2188861539867824,True,True,395.6595599836238,10.029100356470394,1,1,0,0,0,0,rl,0-12,delivered_on_time
910000001,710000001,rl_pure,B0007,1,0.1748691137624604,True,True,439.74832742848196,52.36572323019573,2,2,0,0,0,0,rl|rl,1-9-12,delivered_on_time
910000001,710000001,rl_pure,B0081,2,0.1141485065359612,True,True,491.35908948503936,89.29669508823565,2,2,0,0,0,0,rl|rl,2-9-12,delivered_on_time
910000001,710000001,rl_pure,B0027,0,0.1073298886127543,True,True,428.1119585408356,9.421443756470353,1,1,0,0,0,0,rl,0-12,delivered_on_time
910000001,710000001,rl_pure,B0096,0,0.41200863447158664,True,True,438.7603893801175,18.75493395647038,1,1,0,0,0,0,rl,0-12,delivered_on_time
910000001,710000001,rl_pure,B0074,2,0.3865357172670729,True,True,461.85792306102013,24.602636421568945,2,2,0,0,0,0,rl|rl,2-9-12,delivered_on_time
910000001,710000001,rl_pure,B0026,0,0.14112262308609327,True,True,467.648845738761,17.384713956470364,1,1,0,0,0,0,rl,0-12,delivered_on_time
910000001,710000001,rl_pure,B0013,2,0.2774015939310319,True,True,534.655712812822,64.78722735490226,2,2,0,0,0,0,rl|rl,2-9-12,delivered_on_time
910000001,710000001,rl_pure,B0077,1,0.6589602339209018,True,True,518.1387355556911,43.11329869686233,2,2,0,0,0,0,rl|rl,1-9-12,delivered_on_time
910000001,710000001,rl_pure,B0059,2,0.9484015937920109,True,True,645.2380510827173,167.62457631511506,2,3,1,1,59169283,0,rl|rl|rl,2-9-12,delivered_on_time
910000001,710000001,rl_pure,B0080,0,0.21719415784666365,True,True,503.521531031984,14.403988956470357,1,1,0,0,0,0,rl,0-12,delivered_on_time
910000001,710000001,rl_pure,B0063,2,0.9451899759725002,True,True,522.2075683465704,32.652840154902265,2,2,0,0,0,0,rl|rl,2-9-12,delivered_on_time
910000001,710000001,rl_pure,B0001,0,0.9147012971950664,True,True,508.9757233488686,18.303339756470393,1,1,0,0,0,0,rl,0-12,delivered_on_time
910000001,710000001,rl_pure,B0008,1,0.4697292899944443,True,True,572.057401769744,80.24174669686226,2,2,0,0,0,0,rl|rl,1-9-12,delivered_on_time
910000001,710000001,rl_pure,B0075,0,0.34469393096844814,True,True,499.0979718146199,3.0894565564703953,1,1,0,0,0,0,rl,0-12,delivered_on_time
910000001,710000001,rl_pure,B0047,2,0.5002590699831677,True,True,526.6894810333024,24.413473754902384,2,2,0,0,0,0,rl|rl,2-9-12,delivered_on_time
910000001,710000001,rl_pure,B0070,2,0.24781552023449543,True,True,616.9156311538245,88.14575535490235,2,2,0,0,0,0,rl|rl,2-9-12,delivered_on_time
910000001,710000001,rl_pure,B0014,1,0.10149488261622658,True,True,604.5109841768408,71.24011043019573,2,2,0,0,0,0,rl|rl,1-9-12,delivered_on_time
910000001,710000001,rl_pure,B0089,0,0.308193251048091,True,True,559.9592420501958,17.789978642354072,1,2,1,1,25546327,0,rl|rl,0-12,delivered_on_time
910000001,710000001,rl_pure,B0043,0,0.19031085230638578,True,True,574.3761719181372,23.43721735647034,1,1,0,0,0,0,rl,0-12,delivered_on_time
910000001,710000001,rl_pure,B0088,1,0.15497697128697543,True,True,631.4542196564506,73.86146189686235,2,2,0,0,0,0,rl|rl,1-9-12,delivered_on_time
910000001,710000001,rl_pure,B0073,1,0.9660355987126057,True,True,675.1890496582844,114.13069389686234,2,2,0,0,0,0,rl|rl,1-9-12,delivered_on_time
910000001,710000001,rl_pure,B0030,0,0.5867899329771127,True,True,617.307317874105,19.7052685564704,1,1,0,0,0,0,rl,0-12,delivered_on_time
910000001,710000001,rl_pure,B0092,0,0.838637538561956,True,True,632.8052279947489,7.407699156470358,1,1,0,0,0,0,rl,0-12,delivered_on_time
910000001,710000001,rl_pure,B0085,0,0.6854067793736958,True,True,632.3553427291305,3.5638929564703403,1,1,0,0,0,0,rl,0-12,delivered_on_time
910000001,710000001,rl_pure,B0056,1,0.454904755182045,True,True,661.286992724753,17.539994163528945,2,2,0,0,0,0,rl|rl,1-9-12,delivered_on_time
910000001,710000001,rl_pure,B0039,0,0.5212439786568365,True,True,654.6763192181922,10.716255356470356,1,1,0,0,0,0,rl,0-12,delivered_on_time
910000001,710000001,rl_pure,B0037,0,0.5219263937162911,True,True,666.3919648110807,18.942649956470405,1,1,0,0,0,0,rl,0-12,delivered_on_time
910000001,710000001,rl_pure,B0015,0,0.5520603613915692,True,True,673.6794745610088,7.158524156470321,1,1,0,0,0,0,rl,0-12,delivered_on_time
910000001,710000001,rl_pure,B0005,2,0.42793204869147017,True,True,698.7765705853939,17.43861068033857,2,3,1,1,6248173,0,rl|rl|rl,2-9-12,delivered_on_time
910000001,710000001,rl_pure,B0093,1,0.22904397792586928,True,True,713.4304311208831,16.54232056352896,2,2,0,0,0,0,rl|rl,1-9-12,delivered_on_time
910000001,710000001,rl_pure,B0025,0,0.519326239445701,True,True,753.3068052827131,55.337994258413346,2,2,0,0,0,0,rl|rl,0-9-12,delivered_on_time
910000001,710000001,rl_pure,B0010,2,0.22267439707974046,True,True,765.8320927948575,64.58471215490226,2,2,0,0,0,0,rl|rl,2-9-12,delivered_on_time
910000001,710000001,rl_pure,B0012,2,0.4375673695401957,True,True,800.099911833882,85.41134362156902,2,2,0,0,0,0,rl|rl,2-9-12,delivered_on_time
910000001,710000001,rl_pure,B0045,2,0.8956117214029462,True,True,766.9607298480923,51.62162735490233,2,2,0,0,0,0,rl|rl,2-9-12,delivered_on_time
910000001,710000001,rl_pure,B0006,1,0.12435163461739557,True,True,834.9843677973419,109.56531149686236,2,2,0,0,0,0,rl|rl,1-9-12,delivered_on_time
910000001,710000001,rl_pure,B0028,2,0.6426950290612786,True,True,820.8930365391249,88.69700122156905,2,2,0,0,0,0,rl|rl,2-9-12,delivered_on_time
910000001,710000001,rl_pure,B0066,1,0.5034336303110226,True,True,823.9801563179002,82.13120056352898,2,2,0,0,0,0,rl|rl,1-9-12,delivered_on_time
910000001,710000001,rl_pure,B0035,1,0.22635075644809516,True,True,771.790450159128,25.85783508110569,2,3,1,1,14775027,0,rl|rl|rl,1-9-12,delivered_on_time
910000001,710000001,rl_pure,B0036,1,0.2912368822110424,True,True,801.8251428330454,49.20897443019567,2,2,0,0,0,0,rl|rl,1-9-12,delivered_on_time
910000001,710000001,rl_pure,B0098,0,0.7944024874393768,True,True,842.0391130738406,89.32679319174667,2,2,0,0,0,0,rl|rl,0-9-12,delivered_on_time
910000001,710000001,rl_pure,B0040,2,0.7850620867086541,True,True,788.7863668154521,34.554893488235734,2,2,0,0,0,0,rl|rl,2-9-12,delivered_on_time
910000001,710000001,rl_pure,B0046,2,0.3035717605875774,True,True,835.8741748131165,52.687185754902316,2,2,0,0,0,0,rl|rl,2-9-12,delivered_on_time
910000001,710000001,rl_pure,B0060,2,0.7815210845413003,True,True,822.3127610780892,32.364504154902306,2,2,0,0,0,0,rl|rl,2-9-12,delivered_on_time
910000001,710000001,rl_pure,B0000,2,0.29529403948447813,True,True,901.1709197925069,106.27259268823559,2,2,0,0,0,0,rl|rl,2-9-12,delivered_on_time
910000001,710000001,rl_pure,B0017,1,0.5581005824469064,True,True,842.4889838160242,36.427587763529004,2,2,0,0,0,0,rl|rl,1-9-12,delivered_on_time
910000001,710000001,rl_pure,B0067,1,0.21744581122232087,True,True,837.9190508452176,22.44017125124492,2,3,1,1,14235246,0,rl|rl|rl,1-9-12,delivered_on_time
910000001,710000001,rl_pure,B0049,0,0.941581271305236,True,True,889.086632775743,71.53198039174663,2,2,0,0,0,0,rl|rl,0-9-12,delivered_on_time
910000001,710000001,rl_pure,B0051,0,0.5560388066683862,True,True,936.3699101712425,117.63891479174663,2,2,0,0,0,0,rl|rl,0-9-12,delivered_on_time
910000001,710000001,rl_pure,B0023,0,0.9217683094503131,True,True,870.7690446535925,51.48173612508003,2,2,0,0,0,0,rl|rl,0-9-12,delivered_on_time
910000001,710000001,rl_pure,B0042,1,0.8104699282304582,True,True,866.2379860465187,28.109940830195683,2,2,0,0,0,0,rl|rl,1-9-12,delivered_on_time
910000001,710000001,rl_pure,B0032,2,0.6874503263112978,True,True,918.9654587661188,67.54860442156894,2,2,0,0,0,0,rl|rl,2-9-12,delivered_on_time
910000001,710000001,rl_pure,B0086,0,0.8551256565274119,True,True,969.5537971158942,114.18875052507997,2,2,0,0,0,0,rl|rl,0-9-12,delivered_on_time
910000001,710000001,rl_pure,B0055,0,0.4498364679507423,True,True,947.9537409000285,87.43738412508003,2,2,0,0,0,0,rl|rl,0-9-12,delivered_on_time
910000001,710000001,rl_pure,B0094,0,0.994407044791184,True,True,894.5903741741303,21.26650519174666,2,2,0,0,0,0,rl|rl,0-9-12,delivered_on_time
910000001,710000001,rl_pure,B0004,2,0.3721540488747993,True,True,1010.1064236959406,133.95799093255175,3,3,0,0,0,0,rl|rl|rl,2-9-7-12,delivered_on_time
910000001,710000001,rl_pure,B0041,0,0.1445252610900894,True,True,981.319160140505,101.22130305841335,2,2,0,0,0,0,rl|rl,0-9-12,delivered_on_time
910000001,710000001,rl_pure,B0064,0,0.8487549151434918,True,True,1035.0705219534075,139.05842456939627,3,3,0,0,0,0,rl|rl|rl,0-9-7-12,delivered_on_time
910000002,710000002,temporal,B0066,2,0.37545522360265116,True,True,61.91915501347697,44.15107387675423,3,4,1,1,20663064,0,temporal|temporal|temporal|temporal,2-8-10-13,delivered_on_time
910000002,710000002,temporal,B0064,1,0.2323273323304487,True,True,129.84028582964766,112.02255267722526,3,3,0,0,0,0,temporal|temporal|temporal,1-7-9-12,delivered_on_time
910000002,710000002,temporal,B0067,1,0.13301740665899836,True,True,85.53629749241637,56.86334499722526,3,3,0,0,0,0,temporal|temporal|temporal,1-7-9-12,delivered_on_time
910000002,710000002,temporal,B0032,0,0.8413247370929655,True,True,66.90163554587708,37.1246353209211,3,3,0,0,0,0,temporal|temporal|temporal,0-3-9-12,delivered_on_time
910000002,710000002,temporal,B0061,1,0.5790535631343932,True,True,68.23753092568533,12.013191397225256,3,3,0,0,0,0,temporal|temporal|temporal,1-7-9-12,delivered_on_time
910000002,710000002,temporal,B0025,2,0.29573430744159557,True,True,91.36557674313224,14.795184078801753,3,3,0,0,0,0,temporal|temporal|temporal,2-8-10-13,delivered_on_time
910000002,710000002,temporal,B0045,1,0.9219712786881086,True,True,183.1484194547593,105.38956611722526,3,3,0,0,0,0,temporal|temporal|temporal,1-7-9-12,delivered_on_time
910000002,710000002,temporal,B0021,0,0.8676232391066497,True,True,147.06876511940453,62.9686791609211,3,3,0,0,0,0,temporal|temporal|temporal,0-3-9-12,delivered_on_time
910000002,710000002,temporal,B0096,1,0.8618223616063629,True,True,149.21718082502957,47.49972867722528,3,3,0,0,0,0,temporal|temporal|temporal,1-7-9-12,delivered_on_time
910000002,710000002,temporal,B0059,2,0.8710943451856981,True,True,159.99721244898046,43.566767118801764,3,3,0,0,0,0,temporal|temporal|temporal,2-8-10-13,delivered_on_time
910000002,710000002,temporal,B0017,1,0.844059239516349,True,True,139.9174782807678,18.42694083722529,3,3,0,0,0,0,temporal|temporal|temporal,1-7-9-12,delivered_on_time
910000002,710000002,temporal,B0048,0,0.8581546044661102,True,True,179.48170468461112,52.6653918009211,3,3,0,0,0,0,temporal|temporal|temporal,0-3-9-12,delivered_on_time
910000002,710000002,temporal,B0011,1,0.9713459854568325,True,True,204.00323989595927,56.355489637225276,3,3,0,0,0,0,temporal|temporal|temporal,1-7-9-12,delivered_on_time
910000002,710000002,temporal,B0041,0,0.5166290450608674,True,True,215.95544475647037,66.39470523031449,1,1,0,0,0,0,temporal,0-12,delivered_on_time
910000002,710000002,temporal,B0085,2,0.3255172284137221,True,True,223.6077791035519,64.39320679880174,3,3,0,0,0,0,temporal|temporal|temporal,2-8-10-13,delivered_on_time
910000002,710000002,temporal,B0071,2,0.32305008641660815,True,True,285.9532432892202,119.90855451024001,3,4,1,1,73716889,0,temporal|temporal|temporal|temporal,2-8-10-13,delivered_on_time
910000002,710000002,temporal,B0092,1,0.9648660364271492,True,True,220.99213480392146,48.50750211722524,3,3,0,0,0,0,temporal|temporal|temporal,1-7-9-12,delivered_on_time
910000002,710000002,temporal,B0079,2,0.3668201980254795,True,True,241.0291941498469,65.14136935880174,3,3,0,0,0,0,temporal|temporal|temporal,2-8-10-13,delivered_on_time
910000002,710000002,temporal,B0057,2,0.9937539478558224,True,True,248.5630820028291,70.24152391880176,3,3,0,0,0,0,temporal|temporal|temporal,2-8-10-13,delivered_on_time
910000002,710000002,temporal,B0003,1,0.3151177346258588,True,True,201.7302209148098,20.15009763722523,3,3,0,0,0,0,temporal|temporal|temporal,1-7-9-12,delivered_on_time
910000002,710000002,temporal,B0073,2,0.8985097390457806,True,True,274.3741791087391,92.04656071880171,3,3,0,0,0,0,temporal|temporal|temporal,2-8-10-13,delivered_on_time
910000002,710000002,temporal,B0005,2,0.18182159024475492,True,True,231.52594356872828,30.011983758801733,3,3,0,0,0,0,temporal|temporal|temporal,2-8-10-13,delivered_on_time
910000002,710000002,temporal,B0004,2,0.5674998881443046,True,True,220.08921296437393,16.32918439880177,3,3,0,0,0,0,temporal|temporal|temporal,2-8-10-13,delivered_on_time
910000002,710000002,temporal,B0095,1,0.2879631517105498,True,True,271.21123365476603,56.660816677225256,3,3,0,0,0,0,temporal|temporal|temporal,1-7-9-12,delivered_on_time
910000002,710000002,temporal,B0043,0,0.16226073357820092,True,True,235.9941974999942,13.868676156470372,1,1,0,0,0,0,temporal,0-12,delivered_on_time
910000002,710000002,temporal,B0019,1,0.11199985739683434,True,True,248.98382627472992,17.813465934856026,3,4,1,1,11211914,0,temporal|temporal|temporal|temporal,1-7-9-12,delivered_on_time
910000002,710000002,temporal,B0086,2,0.461142751375916,True,True,328.70262897578505,90.95124871880174,3,3,0,0,0,0,temporal|temporal|temporal,2-8-10-13,delivered_on_time
910000002,710000002,temporal,B0088,0,0.8620928366042447,True,True,247.46201711661774,9.241069956470369,1,1,0,0,0,0,temporal,0-12,delivered_on_time
910000002,710000002,temporal,B0098,1,0.5584180794694392,True,True,309.2802052843291,65.37475395722527,3,3,0,0,0,0,temporal|temporal|temporal,1-7-9-12,delivered_on_time
910000002,710000002,temporal,B0054,0,0.7921165242638127,True,True,255.56697074341292,4.381743356470366,1,1,0,0,0,0,temporal,0-12,delivered_on_time
910000002,710000002,temporal,B0058,2,0.21658470901310062,True,True,366.93767101236625,102.33930247880176,3,3,0,0,0,0,temporal|temporal|temporal,2-8-10-13,delivered_on_time
910000002,710000002,temporal,B0012,0,0.3545759037943248,True,True,289.66422709889866,11.88357575647035,1,1,0,0,0,0,temporal,0-12,delivered_on_time
910000002,710000002,temporal,B0038,1,0.6764507964077126,True,True,366.6721998471249,74.47244163722524,3,3,0,0,0,0,temporal|temporal|temporal,1-7-9-12,delivered_on_time
910000002,710000002,temporal,B0049,1,0.2768074814770546,True,True,321.48504305283006,18.78429603722526,3,3,0,0,0,0,temporal|temporal|temporal,1-7-9-12,delivered_on_time
910000002,710000002,temporal,B0026,2,0.39096847412663105,True,True,363.52089008774567,37.345580320449926,3,4,1,1,16968481,0,temporal|temporal|temporal|temporal,2-8-10-13,delivered_on_time
910000002,710000002,temporal,B0000,0,0.521984852650336,True,True,359.4658002485277,28.756500743539846,1,2,1,1,49109059,0,temporal|temporal,0-12,delivered_on_time
910000002,710000002,temporal,B0039,1,0.2987345454652486,True,True,461.0522031975438,113.72037027722524,3,3,0,0,0,0,temporal|temporal|temporal,1-7-9-12,delivered_on_time
910000002,710000002,temporal,B0047,0,0.6209736369050118,True,True,376.5624037428345,20.189121956470387,1,1,0,0,0,0,temporal,0-12,delivered_on_time
910000002,710000002,temporal,B0075,0,0.3264748331349915,True,True,377.1784972181177,2.0685909564703593,1,1,0,0,0,0,temporal,0-12,delivered_on_time
910000002,710000002,temporal,B0027,0,0.6031019722321226,True,True,400.4726359999452,7.217108956470383,1,1,0,0,0,0,temporal,0-12,delivered_on_time
910000002,710000002,temporal,B0056,2,0.7699356684394536,True,True,410.4282195636923,16.749047563363604,2,2,0,0,0,0,temporal|temporal,2-8-13,delivered_on_time
910000002,710000002,temporal,B0018,2,0.8394835174533484,True,True,408.712701181229,4.204046263363637,2,2,0,0,0,0,temporal|temporal,2-8-13,delivered_on_time
910000002,710000002,temporal,B0006,2,0.6552352802955531,True,True,460.82790890690063,28.987814103363576,2,2,0,0,0,0,temporal|temporal,2-8-13,delivered_on_time
910000002,710000002,temporal,B0078,2,0.8936462664669779,True,True,482.8187291956995,12.63345270336356,2,2,0,0,0,0,temporal|temporal,2-8-13,delivered_on_time
910000002,710000002,temporal,B0053,1,0.8897192021585094,True,True,534.1608918629405,48.23501859722535,3,3,0,0,0,0,temporal|temporal|temporal,1-7-9-12,delivered_on_time
910000002,710000002,temporal,B0083,0,0.13943177000906204,True,True,508.91430052223785,15.011741756470371,1,1,0,0,0,0,temporal,0-12,delivered_on_time
910000002,710000002,temporal,B0081,1,0.42578413140151095,True,True,571.5397844833293,68.42340771571605,2,2,0,0,0,0,temporal|temporal,1-7-12,delivered_on_time
910000002,710000002,temporal,B0063,1,0.9007555258276453,True,True,571.6265195833292,65.17773708680005,2,2,0,0,0,0,temporal|temporal,1-7-12,delivered_on_time
910000002,710000002,temporal,B0036,0,0.31377621648372833,True,True,534.24939884056,2.680763356470379,1,1,0,0,0,0,temporal,0-12,delivered_on_time
910000002,710000002,temporal,B0029,1,0.9365445867696458,True,True,570.4750786833292,38.418756393020544,2,2,0,0,0,0,temporal|temporal,1-7-12,delivered_on_time
910000002,710000002,temporal,B0034,1,0.7501181630381553,True,True,568.6360042833293,29.56261164670684,2,2,0,0,0,0,temporal|temporal,1-7-12,delivered_on_time
910000002,710000002,temporal,B0037,2,0.24516151950118015,True,True,555.2632960370246,10.138471383363708,2,2,0,0,0,0,temporal|temporal,2-8-13,delivered_on_time
910000002,710000002,temporal,B0024,0,0.14003923222513937,True,True,567.58908713708,21.813025356470348,1,1,0,0,0,0,temporal,0-12,delivered_on_time
910000002,710000002,temporal,B0033,1,0.6831490856954132,True,True,568.7363072833292,21.016610167221984,2,2,0,0,0,0,temporal|temporal,1-7-12,delivered_on_time
910000002,710000002,temporal,B0050,0,0.3488175701812778,True,True,572.2907448809041,20.076938556470395,1,1,0,0,0,0,temporal,0-12,delivered_on_time
910000002,710000002,temporal,B0099,1,0.9748762367868005,True,True,583.4952218318617,27.292094388074702,2,2,0,0,0,0,temporal|temporal,1-7-12,delivered_on_time
910000002,710000002,temporal,B0065,0,0.9626626744825939,True,True,591.1695273049646,4.705283556470363,1,1,0,0,0,0,temporal,0-12,delivered_on_time
910000002,710000002,temporal,B0014,1,0.9128518531671408,True,True,620.747027863239,14.476340268074637,2,2,0,0,0,0,temporal|temporal,1-7-12,delivered_on_time
910000002,710000002,temporal,B0097,0,0.5927898179804294,True,True,626.3813912266111,17.43468655647041,1,1,0,0,0,0,temporal,0-12,delivered_on_time
910000002,710000002,temporal,B0013,2,0.34819834431450514,True,True,669.6644666236951,55.78343239880178,3,3,0,0,0,0,temporal|temporal|temporal,2-8-10-13,delivered_on_time
910000002,710000002,temporal,B0093,0,0.9356602215770053,True,True,636.2122959725953,15.621800156470385,1,1,0,0,0,0,temporal,0-12,delivered_on_time
910000002,710000002,temporal,B0020,1,0.23341827099522947,True,True,646.2773162228177,22.34302896807469,2,2,0,0,0,0,temporal|temporal,1-7-12,delivered_on_time
910000002,710000002,temporal,B0051,2,0.12988224096410259,True,True,710.4890928983531,74.34104743880187,3,3,0,0,0,0,temporal|temporal|temporal,2-8-10-13,delivered_on_time
910000002,710000002,temporal,B0042,2,0.3353812671525608,True,True,758.0193923399739,109.53329383880168,3,3,0,0,0,0,temporal|temporal|temporal,2-8-10-13,delivered_on_time
910000002,710000002,temporal,B0072,1,0.5030082223439979,True,True,677.2969179308575,28.684385548074715,2,2,0,0,0,0,temporal|temporal,1-7-12,delivered_on_time
910000002,710000002,temporal,B0002,2,0.22920704280528187,True,True,719.588171001329,70.62835975880171,3,3,0,0,0,0,temporal|temporal|temporal,2-8-10-13,delivered_on_time
910000002,710000002,temporal,B0076,2,0.2970364682810008,True,True,685.6986398899212,36.35455015880166,3,3,0,0,0,0,temporal|temporal|temporal,2-8-10-13,delivered_on_time
910000002,710000002,temporal,B0007,0,0.46745186086105894,True,True,675.8002228628977,21.664703756470317,1,1,0,0,0,0,temporal,0-12,delivered_on_time
910000002,710000002,temporal,B0030,1,0.9135623243042319,True,True,681.258942426124,26.447188248074667,2,2,0,0,0,0,temporal|temporal,1-7-12,delivered_on_time
910000002,710000002,temporal,B0082,0,0.8308908876148421,True,True,684.0415693994744,24.81481667292178,2,2,0,0,0,0,temporal|temporal,0-7-12,delivered_on_time
910000002,710000002,temporal,B0055,1,0.5776006687917958,True,True,682.3289380640363,22.56028094147075,2,3,1,1,23358731,0,temporal|temporal|temporal,1-7-12,delivered_on_time
910000002,710000002,temporal,B0090,2,0.32037874356265406,True,True,685.4829110912976,21.381065358801834,3,3,0,0,0,0,temporal|temporal|temporal,2-8-10-13,delivered_on_time
910000002,710000002,temporal,B0009,1,0.5356029945885274,True,True,684.6839170337021,19.21901586807462,2,2,0,0,0,0,temporal|temporal,1-7-12,delivered_on_time
910000002,710000002,temporal,B0044,2,0.8416489728877405,True,True,777.7612141929643,109.85601319880186,3,3,0,0,0,0,temporal|temporal|temporal,2-8-10-13,delivered_on_time
910000002,710000002,temporal,B0040,1,0.2718367516094439,True,True,696.4571832560176,27.140392188074657,2,2,0,0,0,0,temporal|temporal,1-7-12,delivered_on_time
910000002,710000002,temporal,B0016,1,0.9216582683626434,True,True,680.6794414505888,8.609291808074659,2,2,0,0,0,0,temporal|temporal,1-7-12,delivered_on_time
910000002,710000002,temporal,B0023,2,0.8868446619850601,True,True,733.6062130358215,43.51041415880172,3,3,0,0,0,0,temporal|temporal|temporal,2-8-10-13,delivered_on_time
910000002,710000002,temporal,B0010,1,0.2528153482034108,True,True,842.7553346970776,126.78412429686239,2,2,0,0,0,0,temporal|temporal,1-9-12,delivered_on_time
910000002,710000002,temporal,B0035,2,0.3315572457807871,True,True,801.9634026006488,78.70880359880175,3,3,0,0,0,0,temporal|temporal|temporal,2-8-10-13,delivered_on_time
910000002,710000002,temporal,B0062,1,0.5807846816270357,True,True,726.9403640430288,3.099549908074664,2,2,0,0,0,0,temporal|temporal,1-7-12,delivered_on_time
910000002,710000002,temporal,B0091,0,0.3348808770751406,True,True,746.8966678779423,13.955862852921769,2,2,0,0,0,0,temporal|temporal,0-7-12,delivered_on_time
910000002,710000002,temporal,B0028,1,0.4292301017787892,True,True,826.0872243993091,90.93740429686227,2,2,0,0,0,0,temporal|temporal,1-9-12,delivered_on_time
910000002,710000002,temporal,B0080,2,0.49415062335591375,True,True,773.7975822757093,38.4541258388017,3,3,0,0,0,0,temporal|temporal|temporal,2-8-10-13,delivered_on_time
910000002,710000002,temporal,B0087,2,0.52884827193445,True,True,811.0609093831723,48.57349159880175,3,3,0,0,0,0,temporal|temporal|temporal,2-8-10-13,delivered_on_time
910000002,710000002,temporal,B0094,0,0.9061293807305428,True,True,778.209008558814,8.29941257292171,2,2,0,0,0,0,temporal|temporal,0-7-12,delivered_on_time
910000002,710000002,temporal,B0074,0,0.4749090427570415,True,True,780.9227979708904,5.56710845292173,2,2,0,0,0,0,temporal|temporal,0-7-12,delivered_on_time
910000002,710000002,temporal,B0031,1,0.32013567293861656,True,True,887.6023261099722,112.18431629686233,2,2,0,0,0,0,temporal|temporal,1-9-12,delivered_on_time
910000002,710000002,temporal,B0070,2,0.249244476251514,True,True,883.5969083682486,96.80318407880168,3,3,0,0,0,0,temporal|temporal|temporal,2-8-10-13,delivered_on_time
910000002,710000002,temporal,B0022,0,0.47058721024007577,True,True,802.3263996800007,12.27567213292184,2,2,0,0,0,0,temporal|temporal,0-7-12,delivered_on_time
910000002,710000002,temporal,B0068,2,0.7889444571471421,True,True,900.4348672431198,85.97352487880187,3,3,0,0,0,0,temporal|temporal|temporal,2-8-10-13,delivered_on_time
910000002,710000002,temporal,B0089,0,0.31568828403237925,True,True,824.2486382292385,9.739645912921787,2,2,0,0,0,0,temporal|temporal,0-7-12,delivered_on_time
910000002,710000002,temporal,B0052,2,0.5445945765157327,True,True,924.9280184610471,109.42612121023092,3,4,1,1,65698027,0,temporal|temporal|temporal|temporal,2-8-10-13,delivered_on_time
910000002,710000002,temporal,B0069,2,0.5917279043343727,True,True,881.8778042439006,59.960553678801716,3,3,0,0,0,0,temporal|temporal|temporal,2-8-10-13,delivered_on_time
910000002,710000002,temporal,B0015,2,0.5084262524623684,True,True,878.4209954594754,55.2761943188018,3,3,0,0,0,0,temporal|temporal|temporal,2-8-10-13,delivered_on_time
910000002,710000002,temporal,B0001,0,0.15711717900098818,True,True,855.5874621701266,28.248226652921744,2,2,0,0,0,0,temporal|temporal,0-7-12,delivered_on_time
910000002,710000002,temporal,B0046,2,0.8505976173985997,True,True,940.9846550045299,70.68573830013133,3,3,0,0,0,0,temporal|temporal|temporal,2-4-10-13,delivered_on_time
910000002,710000002,temporal,B0060,0,0.25483395512366197,True,True,908.7141043000255,29.344326072921717,2,2,0,0,0,0,temporal|temporal,0-7-12,delivered_on_time
910000002,710000002,temporal,B0008,2,0.44265412502564994,True,True,944.155213924066,59.46536390013125,3,3,0,0,0,0,temporal|temporal|temporal,2-4-10-13,delivered_on_time
910000002,710000002,temporal,B0084,2,0.2979049976853657,True,True,932.7626217323196,42.42645542013133,3,3,0,0,0,0,temporal|temporal|temporal,2-4-10-13,delivered_on_time
910000002,710000002,temporal,B0077,2,0.13555515349068348,True,True,920.6147607322488,21.17179238013148,3,3,0,0,0,0,temporal|temporal|temporal,2-4-10-13,delivered_on_time
910000002,710000002,rl_pure,B0066,2,0.37545522360265116,True,True,62.48385506001566,44.71577392329292,2,3,1,1,12189535,0,rl|rl|rl,2-9-12,delivered_on_time
910000002,710000002,rl_pure,B0064,1,0.2323273323304487,True,True,142.2410243826181,124.4232912301957,2,2,0,0,0,0,rl|rl,1-9-12,delivered_on_time
910000002,710000002,rl_pure,B0067,1,0.13301740665899836,True,True,91.80823519205349,63.13528269686238,2,2,0,0,0,0,rl|rl,1-9-12,delivered_on_time
910000002,710000002,rl_pure,B0032,0,0.8413247370929655,True,True,205.18178215647038,175.40478193151438,1,1,0,0,0,0,rl,0-12,delivered_on_time
910000002,710000002,rl_pure,B0061,1,0.5790535631343932,True,True,69.52611822532245,13.301778696862371,2,2,0,0,0,0,rl|rl,1-9-12,delivered_on_time
910000002,710000002,rl_pure,B0025,2,0.29573430744159557,True,True,92.9762813525661,16.40588868823562,2,2,0,0,0,0,rl|rl,2-9-12,delivered_on_time
910000002,710000002,rl_pure,B0045,1,0.9219712786881086,True,True,194.81215950106312,117.05330616352907,2,2,0,0,0,0,rl|rl,1-9-12,delivered_on_time
910000002,710000002,rl_pure,B0021,0,0.8676232391066497,True,True,210.56595795647036,126.46587199798692,1,1,0,0,0,0,rl,0-12,delivered_on_time
910000002,710000002,rl_pure,B0096,1,0.8618223616063629,True,True,154.44871671133336,52.731264563529066,2,2,0,0,0,0,rl|rl,1-9-12,delivered_on_time
910000002,710000002,rl_pure,B0059,2,0.8710943451856981,True,True,164.80475961841432,48.374314288235624,2,2,0,0,0,0,rl|rl,2-9-12,delivered_on_time
910000002,710000002,rl_pure,B0017,1,0.844059239516349,True,True,141.91870440707157,20.428166963529065,2,2,0,0,0,0,rl|rl,1-9-12,delivered_on_time
910000002,710000002,rl_pure,B0048,0,0.8581546044661102,True,True,208.41943975647038,81.60312687278036,1,1,0,0,0,0,rl,0-12,delivered_on_time
910000002,710000002,rl_pure,B0011,1,0.9713459854568325,True,True,210.21874922226306,62.570998963529064,2,2,0,0,0,0,rl|rl,1-9-12,delivered_on_time
910000002,710000002,rl_pure,B0041,0,0.5166290450608674,True,True,215.95544475647037,66.39470523031449,1,1,0,0,0,0,rl,0-12,delivered_on_time
910000002,710000002,rl_pure,B0085,2,0.3255172284137221,True,True,230.7293751263191,71.51480282156894,2,2,0,0,0,0,rl|rl,2-9-12,delivered_on_time
910000002,710000002,rl_pure,B0071,2,0.32305008641660815,True,True,266.48014973388246,100.43546095490225,2,2,0,0,0,0,rl|rl,2-9-12,delivered_on_time
910000002,710000002,rl_pure,B0092,1,0.9648660364271492,True,True,226.33564551689193,53.851012830195714,2,2,0,0,0,0,rl|rl,1-9-12,delivered_on_time
910000002,710000002,rl_pure,B0079,2,0.3668201980254795,True,True,248.23391934594744,72.3460945549023,2,2,0,0,0,0,rl|rl,2-9-12,delivered_on_time
910000002,710000002,rl_pure,B0057,2,0.9937539478558224,True,True,256.3344910389296,78.01293295490228,2,2,0,0,0,0,rl|rl,2-9-12,delivered_on_time
910000002,710000002,rl_pure,B0003,1,0.3151177346258588,True,True,203.92290890778028,22.34278563019572,2,2,0,0,0,0,rl|rl,1-9-12,delivered_on_time
910000002,710000002,rl_pure,B0073,2,0.8985097390457806,True,True,303.939481911328,121.61186352139063,2,3,1,1,48427780,0,rl|rl|rl,2-9-12,delivered_on_time
910000002,710000002,rl_pure,B0005,2,0.18182159024475492,True,True,234.82740369816216,33.31344388823561,2,2,0,0,0,0,rl|rl,2-9-12,delivered_on_time
910000002,710000002,rl_pure,B0004,2,0.5674998881443046,True,True,221.87036205380778,18.110333488235625,2,2,0,0,0,0,rl|rl,2-9-12,delivered_on_time
910000002,710000002,rl_pure,B0095,1,0.2879631517105498,True,True,277.4606682077365,62.91025123019571,2,2,0,0,0,0,rl|rl,1-9-12,delivered_on_time
910000002,710000002,rl_pure,B0043,0,0.16226073357820092,True,True,235.9941974999942,13.868676156470372,1,1,0,0,0,0,rl,0-12,delivered_on_time
910000002,710000002,rl_pure,B0019,1,0.11199985739683434,True,True,250.41858125436707,19.248220914493174,2,3,1,1,11211914,0,rl|rl|rl,1-9-12,delivered_on_time
910000002,710000002,rl_pure,B0086,2,0.461142751375916,True,True,338.77511854521896,101.02373828823565,2,2,0,0,0,0,rl|rl,2-9-12,delivered_on_time
910000002,710000002,rl_pure,B0088,0,0.8620928366042447,True,True,247.46201711661774,9.241069956470369,1,1,0,0,0,0,rl,0-12,delivered_on_time
910000002,710000002,rl_pure,B0098,1,0.5584180794694392,True,True,316.49785509063287,72.59240376352903,2,2,0,0,0,0,rl|rl,1-9-12,delivered_on_time
910000002,710000002,rl_pure,B0054,0,0.7921165242638127,True,True,255.56697074341292,4.381743356470366,1,1,0,0,0,0,rl,0-12,delivered_on_time
910000002,710000002,rl_pure,B0058,2,0.21658470901310062,True,True,378.2754998884668,113.67713135490231,2,2,0,0,0,0,rl|rl,2-9-12,delivered_on_time
910000002,710000002,rl_pure,B0012,0,0.3545759037943248,True,True,289.66422709889866,11.88357575647035,1,1,0,0,0,0,rl,0-12,delivered_on_time
910000002,710000002,rl_pure,B0038,1,0.6764507964077126,True,True,374.90070384009533,82.70094563019569,2,2,0,0,0,0,rl|rl,1-9-12,delivered_on_time
910000002,710000002,rl_pure,B0049,1,0.2768074814770546,True,True,323.52597531246715,20.82522829686235,2,2,0,0,0,0,rl|rl,1-9-12,delivered_on_time
910000002,710000002,rl_pure,B0026,2,0.39096847412663105,True,True,360.095647522198,33.92033775490228,2,2,0,0,0,0,rl|rl,2-9-12,delivered_on_time
910000002,710000002,rl_pure,B0000,0,0.521984852650336,True,True,359.4658002485277,28.756500743539846,1,2,1,1,49109059,0,rl|rl,0-12,delivered_on_time
910000002,710000002,rl_pure,B0039,1,0.2987345454652486,True,True,473.6415881505143,126.30975523019572,2,2,0,0,0,0,rl|rl,1-9-12,delivered_on_time
910000002,710000002,rl_pure,B0047,0,0.6209736369050118,True,True,376.5624037428345,20.189121956470387,1,1,0,0,0,0,rl,0-12,delivered_on_time
910000002,710000002,rl_pure,B0075,0,0.3264748331349915,True,True,377.1784972181177,2.0685909564703593,1,1,0,0,0,0,rl,0-12,delivered_on_time
910000002,710000002,rl_pure,B0027,0,0.6031019722321226,True,True,400.4726359999452,7.217108956470383,1,1,0,0,0,0,rl,0-12,delivered_on_time
910000002,710000002,rl_pure,B0056,2,0.7699356684394536,True,True,462.564463355231,68.88529135490228,2,2,0,0,0,0,rl|rl,2-9-12,delivered_on_time
910000002,710000002,rl_pure,B0018,2,0.8394835174533484,True,True,425.95537984272676,21.44672492486137,2,3,1,1,10070264,0,rl|rl|rl,2-9-12,delivered_on_time
910000002,710000002,rl_pure,B0006,2,0.6552352802955531,True,True,550.935710425106,119.09561562156892,2,2,0,0,0,0,rl|rl,2-9-12,delivered_on_time
910000002,710000002,rl_pure,B0078,2,0.8936462664669779,True,True,522.1860761139048,52.00079962156889,2,2,0,0,0,0,rl|rl,2-9-12,delivered_on_time
910000002,710000002,rl_pure,B0053,1,0.8897192021585094,True,True,539.4741266292442,53.54825336352906,2,2,0,0,0,0,rl|rl,1-9-12,delivered_on_time
910000002,710000002,rl_pure,B0083,0,0.13943177000906204,True,True,508.91430052223785,15.011741756470371,1,1,0,0,0,0,rl,0-12,delivered_on_time
910000002,710000002,rl_pure,B0081,1,0.42578413140151095,True,True,632.3977788829783,129.28140211536504,2,3,1,1,81659712,0,rl|rl|rl,1-9-12,delivered_on_time
910000002,710000002,rl_pure,B0063,1,0.9007555258276453,True,True,603.9914742600582,97.54269176352904,2,2,0,0,0,0,rl|rl,1-9-12,delivered_on_time
910000002,710000002,rl_pure,B0036,0,0.31377621648372833,True,True,534.24939884056,2.680763356470379,1,1,0,0,0,0,rl,0-12,delivered_on_time
910000002,710000002,rl_pure,B0029,1,0.9365445867696458,True,True,617.316977787171,85.26065549686234,2,2,0,0,0,0,rl|rl,1-9-12,delivered_on_time
910000002,710000002,rl_pure,B0034,1,0.7501181630381553,True,True,604.7172545334848,65.6438618968624,2,2,0,0,0,0,rl|rl,1-9-12,delivered_on_time
910000002,710000002,rl_pure,B0037,2,0.24516151950118015,True,True,586.88980347523,41.764978821569116,2,2,0,0,0,0,rl|rl,2-9-12,delivered_on_time
910000002,710000002,rl_pure,B0024,0,0.14003923222513937,True,True,567.58908713708,21.813025356470348,1,1,0,0,0,0,rl,0-12,delivered_on_time
910000002,710000002,rl_pure,B0033,1,0.6831490856954132,True,True,614.4334576796363,66.71376056352904,2,2,0,0,0,0,rl|rl,1-9-12,delivered_on_time
910000002,710000002,rl_pure,B0050,0,0.3488175701812778,True,True,572.2907448809041,20.076938556470395,1,1,0,0,0,0,rl,0-12,delivered_on_time
910000002,710000002,rl_pure,B0099,1,0.9748762367868005,True,True,668.359387207316,112.15625976352896,2,2,0,0,0,0,rl|rl,1-9-12,delivered_on_time
910000002,710000002,rl_pure,B0065,0,0.9626626744825939,True,True,591.1695273049646,4.705283556470363,1,1,0,0,0,0,rl,0-12,delivered_on_time
910000002,710000002,rl_pure,B0014,1,0.9128518531671408,True,True,665.8494945586934,59.57880696352902,2,2,0,0,0,0,rl|rl,1-9-12,delivered_on_time
910000002,710000002,rl_pure,B0097,0,0.5927898179804294,True,True,626.3813912266111,17.43468655647041,1,1,0,0,0,0,rl,0-12,delivered_on_time
910000002,710000002,rl_pure,B0013,2,0.34819834431450514,True,True,675.8294210464624,61.94838682156899,2,2,0,0,0,0,rl|rl,2-9-12,delivered_on_time
910000002,710000002,rl_pure,B0093,0,0.9356602215770053,True,True,636.2122959725953,15.621800156470385,1,1,0,0,0,0,rl,0-12,delivered_on_time
910000002,710000002,rl_pure,B0020,1,0.23341827099522947,True,True,715.7866888849386,91.85240163019557,2,2,0,0,0,0,rl|rl,1-9-12,delivered_on_time
910000002,710000002,rl_pure,B0051,2,0.12988224096410259,True,True,734.1177205867608,97.9696751272096,2,3,1,1,38504291,0,rl|rl|rl,2-9-12,delivered_on_time
910000002,710000002,rl_pure,B0042,2,0.3353812671525608,True,True,770.1565535894078,121.6704550882356,2,2,0,0,0,0,rl|rl,2-9-12,delivered_on_time
910000002,710000002,rl_pure,B0072,1,0.5030082223439979,True,True,789.5215870713807,140.90905468859796,2,3,1,1,57602078,0,rl|rl|rl,1-9-12,delivered_on_time
910000002,710000002,rl_pure,B0002,2,0.22920704280528187,True,True,727.4025617974296,78.44275055490232,2,2,0,0,0,0,rl|rl,2-9-12,delivered_on_time
910000002,710000002,rl_pure,B0076,2,0.2970364682810008,True,True,689.7048296193552,40.360739888235685,2,2,0,0,0,0,rl|rl,2-9-12,delivered_on_time
910000002,710000002,rl_pure,B0007,0,0.46745186086105894,True,True,675.8002228628977,21.664703756470317,1,1,0,0,0,0,rl,0-12,delivered_on_time
910000002,710000002,rl_pure,B0030,1,0.9135623243042319,True,True,763.5017323415783,108.68997816352896,2,2,0,0,0,0,rl|rl,1-9-12,delivered_on_time
910000002,710000002,rl_pure,B0082,0,0.8308908876148421,True,True,761.2265539182991,101.99980119174654,2,2,0,0,0,0,rl|rl,0-9-12,delivered_on_time
910000002,710000002,rl_pure,B0055,1,0.5776006687917958,True,True,737.1794384860946,77.41078136352905,2,2,0,0,0,0,rl|rl,1-9-12,delivered_on_time
910000002,710000002,rl_pure,B0090,2,0.32037874356265406,True,True,687.8253802873982,23.723534554902358,2,2,0,0,0,0,rl|rl,2-9-12,delivered_on_time
910000002,710000002,rl_pure,B0009,1,0.5356029945885274,True,True,744.5008387958231,79.03593763019569,2,2,0,0,0,0,rl|rl,1-9-12,delivered_on_time
910000002,710000002,rl_pure,B0044,2,0.8416489728877405,True,True,789.9342331490649,122.02903215490244,2,2,0,0,0,0,rl|rl,2-9-12,delivered_on_time
910000002,710000002,rl_pure,B0040,1,0.2718367516094439,True,True,780.8506828314719,111.53389176352891,2,2,0,0,0,0,rl|rl,1-9-12,delivered_on_time
910000002,710000002,rl_pure,B0016,1,0.9216582683626434,True,True,707.5790142060431,35.50886456352896,2,2,0,0,0,0,rl|rl,1-9-12,delivered_on_time
910000002,710000002,rl_pure,B0023,2,0.8868446619850601,True,True,738.4074987652555,48.311699888235694,2,2,0,0,0,0,rl|rl,2-9-12,delivered_on_time
910000002,710000002,rl_pure,B0010,1,0.2528153482034108,True,True,842.7553346970776,126.78412429686239,2,2,0,0,0,0,rl|rl,1-9-12,delivered_on_time
910000002,710000002,rl_pure,B0035,2,0.3315572457807871,True,True,810.6756204900827,87.42102148823562,2,2,0,0,0,0,rl|rl,2-9-12,delivered_on_time
910000002,710000002,rl_pure,B0062,1,0.5807846816270357,True,True,736.7456093651499,12.90479523019576,2,2,0,0,0,0,rl|rl,1-9-12,delivered_on_time
910000002,710000002,rl_pure,B0091,0,0.3348808770751406,True,True,790.3910520834338,57.45024705841331,2,2,0,0,0,0,rl|rl,0-9-12,delivered_on_time
910000002,710000002,rl_pure,B0028,1,0.4292301017787892,True,True,826.0872243993091,90.93740429686227,2,2,0,0,0,0,rl|rl,1-9-12,delivered_on_time
910000002,710000002,rl_pure,B0080,2,0.49415062335591375,True,True,778.0370581918099,42.693601754902375,2,2,0,0,0,0,rl|rl,2-9-12,delivered_on_time
910000002,710000002,rl_pure,B0087,2,0.52884827193445,True,True,816.4247592726063,53.93734148823569,2,2,0,0,0,0,rl|rl,2-9-12,delivered_on_time
910000002,710000002,rl_pure,B0094,0,0.9061293807305428,True,True,804.153893177639,34.24429719174668,2,2,0,0,0,0,rl|rl,0-9-12,delivered_on_time
910000002,710000002,rl_pure,B0074,0,0.4749090427570415,True,True,806.0348971174316,30.67920759946287,2,3,1,1,19110909,0,rl|rl|rl,0-9-12,delivered_on_time
910000002,710000002,rl_pure,B0031,1,0.32013567293861656,True,True,898.1047479876216,122.68673817451179,3,3,0,0,0,0,rl|rl|rl,1-9-7-12,delivered_on_time
910000002,710000002,rl_pure,B0070,2,0.249244476251514,True,True,904.3837575553321,117.59003326588515,3,3,0,0,0,0,rl|rl|rl,2-9-7-12,delivered_on_time
910000002,710000002,rl_pure,B0022,0,0.47058721024007577,True,True,845.3317754498083,55.28104790272948,3,3,0,0,0,0,rl|rl|rl,0-9-7-12,delivered_on_time
910000002,710000002,rl_pure,B0068,2,0.7889444571471421,True,True,918.8903314635365,104.4289890992186,3,3,0,0,0,0,rl|rl|rl,2-9-7-12,delivered_on_time
910000002,710000002,rl_pure,B0089,0,0.31568828403237925,True,True,858.4104353857128,43.90144306939612,3,3,0,0,0,0,rl|rl|rl,0-9-7-12,delivered_on_time
910000002,710000002,rl_pure,B0052,2,0.5445945765157327,True,True,916.4957646833681,100.99386743255184,3,3,0,0,0,0,rl|rl|rl,2-9-7-12,delivered_on_time
910000002,710000002,rl_pure,B0069,2,0.5917279043343727,True,True,894.733253830984,72.81600326588512,3,3,0,0,0,0,rl|rl|rl,2-9-7-12,delivered_on_time
910000002,710000002,rl_pure,B0015,2,0.5084262524623684,True,True,890.2680065732255,67.12320543255191,3,3,0,0,0,0,rl|rl|rl,2-9-7-12,delivered_on_time
910000002,710000002,rl_pure,B0001,0,0.15711717900098818,True,True,954.2920024199342,126.95276690272931,3,3,0,0,0,0,rl|rl|rl,0-9-7-12,delivered_on_time
910000002,710000002,rl_pure,B0046,2,0.8505976173985997,True,True,956.1527524702838,85.85383576588515,3,3,0,0,0,0,rl|rl|rl,2-9-7-12,delivered_on_time
910000002,710000002,rl_pure,B0060,0,0.25483395512366197,True,True,1011.2409399631665,131.87116173606273,3,3,0,0,0,0,rl|rl|rl,0-9-7-12,delivered_on_time
910000002,710000002,rl_pure,B0008,2,0.44265412502564994,True,True,956.9078141231531,72.21796409921842,3,3,0,0,0,0,rl|rl|rl,2-9-7-12,delivered_on_time
910000002,710000002,rl_pure,B0084,2,0.2979049976853657,True,True,941.8471235780735,51.51095726588517,3,3,0,0,0,0,rl|rl|rl,2-9-7-12,delivered_on_time
910000002,710000002,rl_pure,B0077,2,0.13555515349068348,True,True,925.1236059513358,25.68063759921847,3,3,0,0,0,0,rl|rl|rl,2-9-7-12,delivered_on_time
